-- phpMyAdmin SQL Dump
-- version 5.0.2
-- https://www.phpmyadmin.net/
--
-- Host: 127.0.0.1:3306
-- Generation Time: Feb 10, 2021 at 04:05 AM
-- Server version: 5.7.31
-- PHP Version: 7.3.21

SET SQL_MODE = "NO_AUTO_VALUE_ON_ZERO";
START TRANSACTION;
SET time_zone = "+00:00";


/*!40101 SET @OLD_CHARACTER_SET_CLIENT=@@CHARACTER_SET_CLIENT */;
/*!40101 SET @OLD_CHARACTER_SET_RESULTS=@@CHARACTER_SET_RESULTS */;
/*!40101 SET @OLD_COLLATION_CONNECTION=@@COLLATION_CONNECTION */;
/*!40101 SET NAMES utf8mb4 */;

--
-- Database: `ic`
--

-- --------------------------------------------------------

--
-- Table structure for table `acts`
--

DROP TABLE IF EXISTS `acts`;
CREATE TABLE IF NOT EXISTS `acts` (
  `id` bigint(20) UNSIGNED NOT NULL AUTO_INCREMENT,
  `name` varchar(255) NOT NULL,
  `path` varchar(255) NOT NULL,
  `document_id` int(11) NOT NULL,
  `created_at` timestamp NULL DEFAULT NULL,
  `updated_at` timestamp NULL DEFAULT NULL,
  `number` varchar(255) DEFAULT NULL,
  `version` varchar(255) DEFAULT NULL,
  `confirmedDate` date DEFAULT NULL,
  `secret_level` varchar(255) DEFAULT NULL,
  PRIMARY KEY (`id`),
  KEY `acts_document_id_foreign` (`document_id`)
) ENGINE=MyISAM AUTO_INCREMENT=5 DEFAULT CHARSET=utf8;

--
-- Dumping data for table `acts`
--

INSERT INTO `acts` (`id`, `name`, `path`, `document_id`, `created_at`, `updated_at`, `number`, `version`, `confirmedDate`, `secret_level`) VALUES
(3, 'test', 'acts/jWbIBpV3WvHMPATRPrlBTuhVaC4hHlnjTvgmEKly.png', 12, '2021-01-18 19:43:18', '2021-01-18 19:43:18', '2', '1', '2021-01-19', 'Нээлттэй'),
(4, 'test', 'acts/WIWUNlI5W5QWLQSo5pnBvGFmVh2OBga8yAFhHsso.docx', 11, '2021-01-31 18:25:08', '2021-01-31 18:25:08', 'test', 'test', '2021-01-19', 'Нээлттэй'),
(2, 'Маягтын загвар', 'acts/ORw5y1pg7dN1gpwlRJaZpHCLbr2hLy6ACEShqADR.docx', 8, '2020-12-29 08:14:23', '2020-12-29 08:14:23', 'OHSMS-P-001', '1,2', '2020-12-02', 'Нээлттэй');

-- --------------------------------------------------------

--
-- Table structure for table `categories`
--

DROP TABLE IF EXISTS `categories`;
CREATE TABLE IF NOT EXISTS `categories` (
  `id` bigint(20) UNSIGNED NOT NULL AUTO_INCREMENT,
  `name` varchar(255) NOT NULL,
  `created_at` timestamp NULL DEFAULT NULL,
  `updated_at` timestamp NULL DEFAULT NULL,
  `nickname` varchar(255) NOT NULL,
  `is_mini_app` tinyint(1) DEFAULT NULL,
  `is_nested` tinyint(1) DEFAULT NULL,
  `is_time_order` tinyint(1) DEFAULT NULL,
  PRIMARY KEY (`id`)
) ENGINE=MyISAM AUTO_INCREMENT=18 DEFAULT CHARSET=utf8;

--
-- Dumping data for table `categories`
--

INSERT INTO `categories` (`id`, `name`, `created_at`, `updated_at`, `nickname`, `is_mini_app`, `is_nested`, `is_time_order`) VALUES
(1, 'МАБУТ-ын баримт бичиг', '2020-12-29 06:01:42', '2021-01-24 21:48:02', 'МАБУТ', 0, 1, 0),
(2, 'ХЭМАБ -ын баримт бичиг', '2020-12-29 06:02:03', '2021-01-24 21:48:27', 'ХЭМАБ', 0, 1, 0),
(14, 'Санхүүгийн анхан  шатны баримтууд', '2021-01-24 21:50:05', '2021-01-24 21:58:54', 'Санхүүгийн анхан  шатны баримтууд', 1, 1, 0),
(13, 'Компанийн болон брэнд танилцуулга', '2021-01-24 21:49:36', '2021-01-24 21:49:36', 'Компанийн болон брэнд танилцуулга', 1, 0, 0),
(15, 'Хурлын өрөөний цаг захиалга', '2021-01-25 23:00:14', '2021-01-25 23:12:43', 'Хурлын өрөөний цаг захиалга', 1, 0, 1),
(17, 'Автомашин цаг захиалга', '2021-01-25 23:02:56', '2021-01-25 23:04:29', 'Автомашин цаг захиалга', 1, 1, 1);

-- --------------------------------------------------------

--
-- Table structure for table `categories_levels`
--

DROP TABLE IF EXISTS `categories_levels`;
CREATE TABLE IF NOT EXISTS `categories_levels` (
  `id` bigint(20) UNSIGNED NOT NULL AUTO_INCREMENT,
  `category_id` int(11) NOT NULL,
  `levels_id` int(11) NOT NULL,
  `created_at` timestamp NULL DEFAULT NULL,
  `updated_at` timestamp NULL DEFAULT NULL,
  PRIMARY KEY (`id`),
  KEY `categories_levels_category_id_foreign` (`category_id`),
  KEY `categories_levels_levels_id_foreign` (`levels_id`)
) ENGINE=MyISAM AUTO_INCREMENT=239 DEFAULT CHARSET=utf8;

--
-- Dumping data for table `categories_levels`
--

INSERT INTO `categories_levels` (`id`, `category_id`, `levels_id`, `created_at`, `updated_at`) VALUES
(85, 1, 17, NULL, NULL),
(84, 1, 16, NULL, NULL),
(83, 1, 15, NULL, NULL),
(8, 5, 16, NULL, NULL),
(82, 1, 14, NULL, NULL),
(81, 1, 13, NULL, NULL),
(80, 1, 12, NULL, NULL),
(79, 1, 11, NULL, NULL),
(78, 1, 10, NULL, NULL),
(77, 1, 9, NULL, NULL),
(76, 1, 8, NULL, NULL),
(75, 1, 7, NULL, NULL),
(74, 1, 6, NULL, NULL),
(73, 1, 5, NULL, NULL),
(72, 1, 4, NULL, NULL),
(71, 1, 3, NULL, NULL),
(70, 1, 2, NULL, NULL),
(69, 1, 1, NULL, NULL),
(87, 2, 2, NULL, NULL),
(86, 2, 1, NULL, NULL),
(153, 14, 17, NULL, NULL),
(152, 14, 16, NULL, NULL),
(151, 14, 15, NULL, NULL),
(150, 14, 14, NULL, NULL),
(149, 14, 13, NULL, NULL),
(148, 14, 12, NULL, NULL),
(147, 14, 11, NULL, NULL),
(146, 14, 10, NULL, NULL),
(145, 14, 9, NULL, NULL),
(144, 14, 8, NULL, NULL),
(143, 14, 7, NULL, NULL),
(142, 14, 6, NULL, NULL),
(141, 14, 5, NULL, NULL),
(140, 14, 4, NULL, NULL),
(139, 14, 3, NULL, NULL),
(138, 14, 2, NULL, NULL),
(119, 13, 17, NULL, NULL),
(118, 13, 16, NULL, NULL),
(117, 13, 15, NULL, NULL),
(116, 13, 14, NULL, NULL),
(115, 13, 13, NULL, NULL),
(114, 13, 12, NULL, NULL),
(113, 13, 11, NULL, NULL),
(112, 13, 10, NULL, NULL),
(111, 13, 9, NULL, NULL),
(110, 13, 8, NULL, NULL),
(109, 13, 7, NULL, NULL),
(108, 13, 6, NULL, NULL),
(107, 13, 5, NULL, NULL),
(106, 13, 4, NULL, NULL),
(105, 13, 3, NULL, NULL),
(104, 13, 2, NULL, NULL),
(103, 13, 1, NULL, NULL),
(88, 2, 3, NULL, NULL),
(89, 2, 4, NULL, NULL),
(90, 2, 5, NULL, NULL),
(91, 2, 6, NULL, NULL),
(92, 2, 7, NULL, NULL),
(93, 2, 8, NULL, NULL),
(94, 2, 9, NULL, NULL),
(95, 2, 10, NULL, NULL),
(96, 2, 11, NULL, NULL),
(97, 2, 12, NULL, NULL),
(98, 2, 13, NULL, NULL),
(99, 2, 14, NULL, NULL),
(100, 2, 15, NULL, NULL),
(101, 2, 16, NULL, NULL),
(102, 2, 17, NULL, NULL),
(137, 14, 1, NULL, NULL),
(238, 15, 17, NULL, NULL),
(237, 15, 16, NULL, NULL),
(236, 15, 15, NULL, NULL),
(235, 15, 14, NULL, NULL),
(234, 15, 13, NULL, NULL),
(233, 15, 12, NULL, NULL),
(232, 15, 11, NULL, NULL),
(231, 15, 10, NULL, NULL),
(230, 15, 9, NULL, NULL),
(229, 15, 8, NULL, NULL),
(228, 15, 7, NULL, NULL),
(227, 15, 6, NULL, NULL),
(226, 15, 5, NULL, NULL),
(225, 15, 4, NULL, NULL),
(224, 15, 3, NULL, NULL),
(223, 15, 2, NULL, NULL),
(222, 15, 1, NULL, NULL),
(221, 17, 17, NULL, NULL),
(220, 17, 16, NULL, NULL),
(219, 17, 15, NULL, NULL),
(218, 17, 14, NULL, NULL),
(217, 17, 13, NULL, NULL),
(216, 17, 12, NULL, NULL),
(215, 17, 11, NULL, NULL),
(214, 17, 10, NULL, NULL),
(213, 17, 9, NULL, NULL),
(212, 17, 8, NULL, NULL),
(211, 17, 7, NULL, NULL),
(210, 17, 6, NULL, NULL),
(209, 17, 5, NULL, NULL),
(208, 17, 4, NULL, NULL),
(207, 17, 3, NULL, NULL),
(206, 17, 2, NULL, NULL),
(205, 17, 1, NULL, NULL);

-- --------------------------------------------------------

--
-- Table structure for table `departments`
--

DROP TABLE IF EXISTS `departments`;
CREATE TABLE IF NOT EXISTS `departments` (
  `id` bigint(20) UNSIGNED NOT NULL AUTO_INCREMENT,
  `name` varchar(255) NOT NULL,
  `created_at` timestamp NULL DEFAULT NULL,
  `updated_at` timestamp NULL DEFAULT NULL,
  PRIMARY KEY (`id`)
) ENGINE=MyISAM AUTO_INCREMENT=5 DEFAULT CHARSET=utf8;

--
-- Dumping data for table `departments`
--

INSERT INTO `departments` (`id`, `name`, `created_at`, `updated_at`) VALUES
(1, 'Засвар үйлчилгээний алба', '2020-12-29 06:32:56', '2020-12-29 06:32:56'),
(2, 'Хяналтын нэгж', '2020-12-29 06:33:05', '2020-12-29 06:33:05'),
(3, 'Цэнэглэлтийн алба', '2020-12-29 06:33:19', '2020-12-29 06:33:19'),
(4, 'Хөгжүүлэлтийн алба', '2020-12-29 06:43:03', '2020-12-29 06:43:03');

-- --------------------------------------------------------

--
-- Table structure for table `documents`
--

DROP TABLE IF EXISTS `documents`;
CREATE TABLE IF NOT EXISTS `documents` (
  `id` bigint(20) UNSIGNED NOT NULL AUTO_INCREMENT,
  `name` varchar(255) NOT NULL,
  `path` varchar(255) NOT NULL,
  `version` varchar(255) DEFAULT NULL,
  `confirmedDate` date DEFAULT NULL,
  `owner` varchar(255) NOT NULL,
  `registration_info` varchar(255) DEFAULT NULL,
  `category_id` int(11) NOT NULL,
  `number` varchar(255) DEFAULT NULL,
  `secret_level` varchar(255) NOT NULL,
  `sub_id` int(11) DEFAULT NULL,
  `created_at` timestamp NULL DEFAULT NULL,
  `updated_at` timestamp NULL DEFAULT NULL,
  PRIMARY KEY (`id`),
  KEY `documents_category_id_foreign` (`category_id`),
  KEY `documents_sub_id_foreign` (`sub_id`)
) ENGINE=MyISAM AUTO_INCREMENT=15 DEFAULT CHARSET=utf8;

--
-- Dumping data for table `documents`
--

INSERT INTO `documents` (`id`, `name`, `path`, `version`, `confirmedDate`, `owner`, `registration_info`, `category_id`, `number`, `secret_level`, `sub_id`, `created_at`, `updated_at`) VALUES
(1, 'ХАБЭА -н бодлого', 'documents/KCW34uBmZwlHD6ift1tTIn6o0tWvPNBxYfHcQBoj.pdf', '1.0', '2020-12-01', 'ХАБЭА-н зөвлөл', '', 2, 'OHSMS-P-001', 'Маш нууц', 1, '2020-12-29 06:59:50', '2020-12-29 06:59:50'),
(3, 'Аюулыг илрүүлэх, эрсдэлийг үнэлэх журам 1', 'documents/DNg1MDISiF5mF3GUg9QUWGfdZhQz5DCuvbekPDob.pdf', '1.0', '2020-06-23', 'ХАБЭА хариуцсан менежер', '', 2, 'OHSMS-DOC-06-1', 'Нууц', 1, '2020-12-29 07:39:51', '2021-01-18 19:33:17'),
(4, 'Ажлын байрны АА заавар', 'documents/HazH6l0u998wVBClWwJXAqHugowdbl0vUEbeeu7n.pdf', '1,0', '2020-08-13', 'ХАБЭА хариуцсан менежер', '', 2, 'ТБС-АА3', 'Нээлттэй', 3, '2020-12-29 07:43:13', '2020-12-29 07:43:13'),
(5, 'Цахилгаан багажний улиралын шалгалт хийсэн бүртгэл', 'documents/u5tAxEhcVcJa7GYXcKLTEi4fBbFGHZuDBZlw4DBh.pdf', '', '2020-10-14', 'ХАБЭА хариуцсан менежер', 'Цахилгаан багажний улиралын шалгалт хийсэн бүртгэл -2020Q4', 2, '', 'Нууц', 4, '2020-12-29 07:44:48', '2020-12-29 07:44:48'),
(6, 'Анхны тусламжийн хайрцагны улиралын шалгалт бүртгэл', 'documents/WqKiyKloA9xzZAxrjakpOEEO0CgQyE3fluFGwmCL.pdf', '', '2020-12-09', 'ХАБЭА хариуцсан менежер', 'Анхны тусламжийн хайрцагны улиралын шалгалт бүртгэл -2020Q4', 2, '', 'Нууц', 4, '2020-12-29 07:45:59', '2020-12-29 07:45:59'),
(7, 'Химийн бодисын бүртгэл', 'documents/cOjMj1w4gK5Av9p2veIm4eeJ9DSA7hQvq1OK31wi.pdf', '', '2020-12-10', 'ХАБЭА хариуцсан менежер', '', 2, '', 'Нээлттэй', 4, '2020-12-29 07:46:53', '2020-12-29 07:46:53'),
(8, 'Галын анхан шатны хэрэгсэлийн бүртгэл', 'documents/ioH1CqcenK6O6v79GSnwYKg74VetyUyCTu59yNbm.pdf', '', '2020-11-18', 'ХАБЭА хариуцсан менежер', 'Галын анхан шатны хэрэгсэлийн бүртгэл - 2020Ф4', 2, '', 'Маш нууц', 4, '2020-12-29 07:47:37', '2020-12-29 07:48:37'),
(9, 'ХХХ олгосон бүртгэл', 'documents/kpL4U3hjtlFzvj0tbbD8VQWiO1qI4MyV6N6p2rbK.pdf', '', '2020-12-10', 'ХАБЭА-н зөвлөл', '', 2, '', 'Маш нууц', 4, '2020-12-29 07:48:13', '2020-12-29 07:48:13'),
(10, 'Мэдээллийн аюулгүй байдлын эрсдэлийн үнэлгээ ба эрсдэл боловсоруулах процесс', 'documents/gjeFjnf8XIe8cHLq8nE4wrUmucmFVBPGTFMfqMcS.pdf', '1.2', '2020-12-02', 'МАБУТ мэргэжилтэн', '', 1, 'IS-001', 'Маш нууц', 5, '2020-12-29 20:06:41', '2020-12-29 20:09:31'),
(11, '33-144 Аюулыг илрүүлэх, эрсдэлийг үнэлэх журам', 'documents/ZwWUwpKlMKQVQfV6hRDLtzilihQbSQYFixPr4zDD.pdf', '1,1', '2020-12-09', 'МАБУТ мэргэжилтэн', '', 1, 'IS-002', 'Маш нууц', 6, '2020-12-29 20:07:59', '2020-12-29 20:07:59'),
(12, 'test', 'documents/hOR40G1Pj3LQZuhqcqYPqOXnehH5vTm0VzeNLoMO.pdf', 's', '2020-12-01', 'ss', '', 2, 'es', 'Нээлттэй', 1, '2020-12-29 20:49:34', '2020-12-29 20:49:34'),
(13, 'Компанийн болон брэнд танилцуулга - 2', 'documents/jPinhL08pWrmrzy0FMwWRhITrbeNzSVUlzCXtUlV.docx', '', '2021-01-26', '', '', 13, '12', 'Нээлттэй', NULL, '2021-01-25 22:28:38', '2021-01-25 22:41:23'),
(14, 'test', 'documents/6Ya0jyp1EfX8f0mLKoLTCIg0Cbcau1lEAL8L9Cpw.docx', '', '2021-01-26', '', '', 14, '1', 'Нээлттэй', 7, '2021-01-25 22:46:59', '2021-01-25 22:46:59');

-- --------------------------------------------------------

--
-- Table structure for table `documents_levels`
--

DROP TABLE IF EXISTS `documents_levels`;
CREATE TABLE IF NOT EXISTS `documents_levels` (
  `id` bigint(20) UNSIGNED NOT NULL AUTO_INCREMENT,
  `document_id` int(11) NOT NULL,
  `levels_id` int(11) NOT NULL,
  `created_at` timestamp NULL DEFAULT NULL,
  `updated_at` timestamp NULL DEFAULT NULL,
  PRIMARY KEY (`id`),
  KEY `documents_levels_document_id_foreign` (`document_id`),
  KEY `documents_levels_levels_id_foreign` (`levels_id`)
) ENGINE=MyISAM AUTO_INCREMENT=70 DEFAULT CHARSET=utf8;

--
-- Dumping data for table `documents_levels`
--

INSERT INTO `documents_levels` (`id`, `document_id`, `levels_id`, `created_at`, `updated_at`) VALUES
(1, 1, 1, NULL, NULL),
(2, 1, 2, NULL, NULL),
(31, 3, 5, NULL, NULL),
(30, 3, 4, NULL, NULL),
(29, 3, 3, NULL, NULL),
(28, 3, 2, NULL, NULL),
(27, 3, 1, NULL, NULL),
(8, 4, 1, NULL, NULL),
(9, 4, 2, NULL, NULL),
(10, 5, 1, NULL, NULL),
(11, 6, 1, NULL, NULL),
(12, 7, 1, NULL, NULL),
(14, 8, 1, NULL, NULL),
(25, 10, 3, NULL, NULL),
(24, 10, 2, NULL, NULL),
(23, 10, 1, NULL, NULL),
(18, 11, 1, NULL, NULL),
(19, 11, 2, NULL, NULL),
(20, 11, 3, NULL, NULL),
(21, 11, 4, NULL, NULL),
(22, 11, 5, NULL, NULL),
(26, 12, 15, NULL, NULL),
(32, 3, 6, NULL, NULL),
(33, 3, 7, NULL, NULL),
(34, 3, 8, NULL, NULL),
(35, 3, 9, NULL, NULL),
(36, 3, 10, NULL, NULL),
(37, 13, 1, NULL, NULL),
(38, 13, 2, NULL, NULL),
(39, 13, 3, NULL, NULL),
(40, 13, 4, NULL, NULL),
(41, 13, 5, NULL, NULL),
(42, 13, 6, NULL, NULL),
(43, 13, 7, NULL, NULL),
(44, 13, 8, NULL, NULL),
(45, 13, 9, NULL, NULL),
(46, 13, 10, NULL, NULL),
(47, 13, 11, NULL, NULL),
(48, 13, 12, NULL, NULL),
(49, 13, 13, NULL, NULL),
(50, 13, 14, NULL, NULL),
(51, 13, 15, NULL, NULL),
(52, 13, 16, NULL, NULL),
(53, 13, 17, NULL, NULL),
(54, 14, 1, NULL, NULL),
(55, 14, 2, NULL, NULL),
(56, 14, 3, NULL, NULL),
(57, 14, 4, NULL, NULL),
(58, 14, 5, NULL, NULL),
(59, 14, 6, NULL, NULL),
(60, 14, 7, NULL, NULL),
(61, 14, 8, NULL, NULL),
(62, 14, 9, NULL, NULL),
(63, 14, 10, NULL, NULL),
(64, 14, 11, NULL, NULL),
(65, 14, 12, NULL, NULL),
(66, 14, 13, NULL, NULL),
(67, 14, 14, NULL, NULL),
(68, 14, 15, NULL, NULL),
(69, 14, 16, NULL, NULL);

-- --------------------------------------------------------

--
-- Table structure for table `events`
--

DROP TABLE IF EXISTS `events`;
CREATE TABLE IF NOT EXISTS `events` (
  `id` bigint(20) UNSIGNED NOT NULL AUTO_INCREMENT,
  `title` varchar(255) NOT NULL,
  `start_date` datetime NOT NULL,
  `end_date` datetime NOT NULL,
  `created_at` timestamp NULL DEFAULT NULL,
  `updated_at` timestamp NULL DEFAULT NULL,
  `category_id` int(11) DEFAULT NULL,
  `sub_id` int(11) DEFAULT NULL,
  `user_id` int(11) NOT NULL,
  PRIMARY KEY (`id`),
  KEY `events_category_id_foreign` (`category_id`),
  KEY `events_sub_id_foreign` (`sub_id`),
  KEY `events_user_id_foreign` (`user_id`)
) ENGINE=MyISAM AUTO_INCREMENT=14 DEFAULT CHARSET=utf8;

--
-- Dumping data for table `events`
--

INSERT INTO `events` (`id`, `title`, `start_date`, `end_date`, `created_at`, `updated_at`, `category_id`, `sub_id`, `user_id`) VALUES
(12, 'test', '2021-02-01 08:01:00', '2021-02-01 09:01:00', '2021-01-31 18:42:51', '2021-01-31 18:42:51', 17, 8, 24),
(10, 'Apparently, Adblock Plus can remove Font Awesome brand icons with their \"Remove Social Media Buttons\" setting.', '2021-01-27 08:01:00', '2021-01-27 15:01:00', '2021-01-26 21:48:45', '2021-01-26 21:48:45', 15, NULL, 26),
(7, 'эуыэ', '2021-01-27 17:01:00', '2021-01-27 18:01:00', '2021-01-26 19:54:43', '2021-01-26 19:54:43', 15, NULL, 4),
(11, 'Apparently, Adblock Plus can remove Font Awesome brand icons with their \"Remove Social Media Buttons\" setting.', '2021-01-27 08:01:00', '2021-01-27 18:01:00', '2021-01-26 21:50:25', '2021-01-26 21:50:25', 17, 8, 26),
(13, 'Apparently, Adblock Plus can remove Font Awesome brand icons with their \"Remove Social Media Buttons\" setting.', '2021-02-02 13:01:00', '2021-02-02 14:01:00', '2021-02-02 00:17:27', '2021-02-02 00:17:27', 15, NULL, 4);

-- --------------------------------------------------------

--
-- Table structure for table `jobs`
--

DROP TABLE IF EXISTS `jobs`;
CREATE TABLE IF NOT EXISTS `jobs` (
  `id` bigint(20) UNSIGNED NOT NULL AUTO_INCREMENT,
  `name` varchar(255) NOT NULL,
  `created_at` timestamp NULL DEFAULT NULL,
  `updated_at` timestamp NULL DEFAULT NULL,
  PRIMARY KEY (`id`)
) ENGINE=MyISAM AUTO_INCREMENT=19 DEFAULT CHARSET=utf8;

--
-- Dumping data for table `jobs`
--

INSERT INTO `jobs` (`id`, `name`, `created_at`, `updated_at`) VALUES
(2, 'Цэнэглэлтийн ахлах инженер', '2020-12-29 06:33:51', '2020-12-29 06:33:51'),
(3, 'Цэнэглэлтийн албаны ахлах менежер', '2020-12-29 06:33:58', '2020-12-29 06:33:58'),
(4, 'Жолооч', '2020-12-29 06:34:06', '2020-12-29 06:34:06'),
(5, 'АТМ хариуцсан инженер', '2020-12-29 06:34:13', '2020-12-29 06:34:13'),
(6, 'Сэлбэг засварын инженер', '2020-12-29 06:34:19', '2020-12-29 06:34:19'),
(7, 'Ахлах инженер', '2020-12-29 06:34:29', '2020-12-29 06:34:29'),
(8, 'Салбар хариуцсан ахлах менежер', '2020-12-29 06:34:40', '2020-12-29 06:34:40'),
(9, 'Хяналтын оператор', '2020-12-29 06:34:46', '2020-12-29 06:34:46'),
(10, 'Ахлах оператор', '2020-12-29 06:34:55', '2020-12-29 06:34:55'),
(11, 'Хяналтын систем хариуцсан менежер', '2020-12-29 06:35:02', '2020-12-29 06:35:02'),
(12, 'Хөгжүүлэлтийн инженер', '2020-12-29 06:35:10', '2020-12-29 06:35:10'),
(13, 'Хөгжүүлэлтийн мэргэжилтэн', '2020-12-29 06:35:17', '2020-12-29 06:35:17'),
(14, 'Нярав', '2020-12-29 06:35:34', '2020-12-29 06:35:34'),
(15, 'Санхүүгийн шинжээч', '2020-12-29 06:35:40', '2020-12-29 06:35:40'),
(16, 'Ерөнхий нягтлан бодогч', '2020-12-29 06:35:47', '2020-12-29 06:35:47'),
(17, 'Хүний нөөцийн мэргэжилтэн', '2020-12-29 06:35:53', '2020-12-29 06:35:53'),
(18, 'Хүний нөөцийн менежер', '2020-12-29 06:36:00', '2020-12-29 06:36:00');

-- --------------------------------------------------------

--
-- Table structure for table `levels`
--

DROP TABLE IF EXISTS `levels`;
CREATE TABLE IF NOT EXISTS `levels` (
  `id` bigint(20) UNSIGNED NOT NULL AUTO_INCREMENT,
  `name` varchar(255) NOT NULL,
  `created_at` timestamp NULL DEFAULT NULL,
  `updated_at` timestamp NULL DEFAULT NULL,
  PRIMARY KEY (`id`)
) ENGINE=MyISAM AUTO_INCREMENT=18 DEFAULT CHARSET=utf8;

--
-- Dumping data for table `levels`
--

INSERT INTO `levels` (`id`, `name`, `created_at`, `updated_at`) VALUES
(1, 'Оффис: АТМ Үйл ажиллагааны хэлтэс', '2020-12-29 06:13:29', '2020-12-29 06:13:29'),
(2, 'Хөгжүүлэлтийн алба: АТМ үйл ажиллагааны хэлтэс', '2020-12-29 06:14:02', '2020-12-29 06:14:02'),
(3, 'Ахлах инженер: АТМ үйл ажиллагааны хэлтэс', '2020-12-29 06:14:33', '2020-12-29 06:14:33'),
(4, 'Сэлбэг засварын инженер: АТМ үйл ажиллагааны хэлтэс', '2020-12-29 06:15:04', '2020-12-29 06:15:04'),
(5, 'АТМ хариуцсан инженер: АТМ үйл ажиллагааны хэлтэс', '2020-12-29 06:15:30', '2020-12-29 06:15:30'),
(6, 'Оператор: АТМ үйл ажиллагааны хэлтэс', '2020-12-29 06:15:45', '2020-12-29 06:15:45'),
(7, 'Жолооч: АТМ үйл ажиллагааны хэлтэс', '2020-12-29 06:15:59', '2020-12-29 06:15:59'),
(8, 'Төв оффис : Борлуулалт үйлчилгээний хэлтэс', '2020-12-29 06:17:29', '2020-12-29 06:17:29'),
(9, 'Документ центр: Борлуулалт үйлчилгээний хэлтэс', '2020-12-29 06:17:50', '2020-12-29 06:17:50'),
(10, 'Инженер (Төв оффис): Борлуулалт үйлчилгээний хэлтэс', '2020-12-29 06:18:21', '2020-12-29 06:18:53'),
(11, 'Инженер (Документ центр): Борлуулалт үйлчилгээний хэлтэс', '2020-12-29 06:18:35', '2020-12-29 06:19:00'),
(12, 'Жолооч: : Борлуулалт үйлчилгээний хэлтэс', '2020-12-29 06:19:17', '2020-12-29 06:19:17'),
(13, 'Үйлчилэгч: : Борлуулалт үйлчилгээний хэлтэс', '2020-12-29 06:19:27', '2020-12-29 06:19:27'),
(14, 'Оффис: Бизнес удирдлагын хэлтэс', '2020-12-29 06:20:06', '2020-12-29 06:20:06'),
(15, 'Жолооч: Бизнес удирдлагын хэлтэс', '2020-12-29 06:20:17', '2020-12-29 06:20:17'),
(16, 'МАБХСБ: МАБ-ын баг', '2020-12-29 06:20:36', '2020-12-29 06:20:36'),
(17, 'МАБДАБ: МАБ-ын баг', '2020-12-29 06:20:57', '2020-12-29 06:20:57');

-- --------------------------------------------------------

--
-- Table structure for table `log_documents`
--

DROP TABLE IF EXISTS `log_documents`;
CREATE TABLE IF NOT EXISTS `log_documents` (
  `id` bigint(20) UNSIGNED NOT NULL AUTO_INCREMENT,
  `comment` varchar(255) NOT NULL,
  `document_id` int(11) NOT NULL,
  `created_at` timestamp NULL DEFAULT NULL,
  `updated_at` timestamp NULL DEFAULT NULL,
  PRIMARY KEY (`id`),
  KEY `log_documents_document_id_foreign` (`document_id`)
) ENGINE=MyISAM AUTO_INCREMENT=21 DEFAULT CHARSET=utf8;

--
-- Dumping data for table `log_documents`
--

INSERT INTO `log_documents` (`id`, `comment`, `document_id`, `created_at`, `updated_at`) VALUES
(1, 'Шинэ бичиг баримт', 1, '2020-12-29 06:59:50', '2020-12-29 06:59:50'),
(2, 'Шинэ бичиг баримт', 2, '2020-12-29 07:01:39', '2020-12-29 07:01:39'),
(3, 'Засварлав', 2, '2020-12-29 07:37:45', '2020-12-29 07:37:45'),
(4, 'Шинэ бичиг баримт', 3, '2020-12-29 07:39:51', '2020-12-29 07:39:51'),
(5, 'Шинэ бичиг баримт', 4, '2020-12-29 07:43:13', '2020-12-29 07:43:13'),
(6, 'Шинэ бичиг баримт', 5, '2020-12-29 07:44:48', '2020-12-29 07:44:48'),
(7, 'Шинэ бичиг баримт', 6, '2020-12-29 07:45:59', '2020-12-29 07:45:59'),
(8, 'Шинэ бичиг баримт', 7, '2020-12-29 07:46:53', '2020-12-29 07:46:53'),
(9, 'Шинэ бичиг баримт', 8, '2020-12-29 07:47:37', '2020-12-29 07:47:37'),
(10, 'Шинэ бичиг баримт', 9, '2020-12-29 07:48:13', '2020-12-29 07:48:13'),
(11, 'Засварлав', 8, '2020-12-29 07:48:37', '2020-12-29 07:48:37'),
(12, 'Засварлав', 8, '2020-12-29 07:50:24', '2020-12-29 07:50:24'),
(13, 'Шинэ бичиг баримт', 10, '2020-12-29 20:06:41', '2020-12-29 20:06:41'),
(14, 'Шинэ бичиг баримт', 11, '2020-12-29 20:07:59', '2020-12-29 20:07:59'),
(15, 'Засварлав', 10, '2020-12-29 20:09:31', '2020-12-29 20:09:31'),
(16, 'Шинэ бичиг баримт', 12, '2020-12-29 20:49:34', '2020-12-29 20:49:34'),
(17, 'Засварлав', 3, '2021-01-18 19:33:17', '2021-01-18 19:33:17'),
(18, 'Шинэ бичиг баримт', 13, '2021-01-25 22:28:38', '2021-01-25 22:28:38'),
(19, 'Засварлав', 13, '2021-01-25 22:41:23', '2021-01-25 22:41:23'),
(20, 'Шинэ бичиг баримт', 14, '2021-01-25 22:46:59', '2021-01-25 22:46:59');

-- --------------------------------------------------------

--
-- Table structure for table `log_logins`
--

DROP TABLE IF EXISTS `log_logins`;
CREATE TABLE IF NOT EXISTS `log_logins` (
  `id` bigint(20) UNSIGNED NOT NULL AUTO_INCREMENT,
  `comment` varchar(255) NOT NULL,
  `user_id` int(11) NOT NULL,
  `created_at` timestamp NULL DEFAULT NULL,
  `updated_at` timestamp NULL DEFAULT NULL,
  PRIMARY KEY (`id`),
  KEY `log_logins_user_id_foreign` (`user_id`)
) ENGINE=MyISAM AUTO_INCREMENT=1309 DEFAULT CHARSET=utf8;

--
-- Dumping data for table `log_logins`
--

INSERT INTO `log_logins` (`id`, `comment`, `user_id`, `created_at`, `updated_at`) VALUES
(1, 'Нүүр хуудас', 3, '2020-12-29 02:44:17', '2020-12-29 02:44:17'),
(2, 'Нүүр хуудас', 4, '2020-12-29 03:26:50', '2020-12-29 03:26:50'),
(3, 'Нүүр хуудас', 4, '2020-12-29 05:53:53', '2020-12-29 05:53:53'),
(4, 'Нүүр хуудас', 4, '2020-12-29 05:57:03', '2020-12-29 05:57:03'),
(5, 'Нүүр хуудас', 4, '2020-12-29 06:00:22', '2020-12-29 06:00:22'),
(6, 'МАБУТ хуудас', 4, '2020-12-29 06:54:07', '2020-12-29 06:54:07'),
(7, 'МАБУТ хуудас', 4, '2020-12-29 06:54:13', '2020-12-29 06:54:13'),
(8, 'ХЭМАБ хуудас', 4, '2020-12-29 06:54:14', '2020-12-29 06:54:14'),
(9, 'ХЭМАБ хуудас', 4, '2020-12-29 06:59:50', '2020-12-29 06:59:50'),
(10, 'ХЭМАБ хуудас', 4, '2020-12-29 06:59:54', '2020-12-29 06:59:54'),
(11, 'ХЭМАБ хуудас', 4, '2020-12-29 07:01:39', '2020-12-29 07:01:39'),
(12, 'ХЭМАБ хуудас', 4, '2020-12-29 07:01:54', '2020-12-29 07:01:54'),
(13, 'ХЭМАБ хуудас', 4, '2020-12-29 07:02:13', '2020-12-29 07:02:13'),
(14, 'Нүүр хуудас', 4, '2020-12-29 07:05:56', '2020-12-29 07:05:56'),
(15, 'ХЭМАБ хуудас', 4, '2020-12-29 07:06:16', '2020-12-29 07:06:16'),
(16, 'ХЭМАБ хуудас', 4, '2020-12-29 07:10:57', '2020-12-29 07:10:57'),
(17, 'ХЭМАБ хуудас', 4, '2020-12-29 07:18:42', '2020-12-29 07:18:42'),
(18, 'Нүүр хуудас', 4, '2020-12-29 07:20:53', '2020-12-29 07:20:53'),
(19, 'Нүүр хуудас', 4, '2020-12-29 07:20:56', '2020-12-29 07:20:56'),
(20, 'ХЭМАБ хуудас', 4, '2020-12-29 07:21:00', '2020-12-29 07:21:00'),
(21, 'ХЭМАБ хуудас', 4, '2020-12-29 07:23:33', '2020-12-29 07:23:33'),
(22, 'ХЭМАБ хуудас', 4, '2020-12-29 07:27:20', '2020-12-29 07:27:20'),
(23, 'ХЭМАБ хуудас', 4, '2020-12-29 07:27:24', '2020-12-29 07:27:24'),
(24, 'Нүүр хуудас', 4, '2020-12-29 07:29:18', '2020-12-29 07:29:18'),
(25, 'ХЭМАБ хуудас', 4, '2020-12-29 07:29:20', '2020-12-29 07:29:20'),
(26, 'ХЭМАБ хуудас', 4, '2020-12-29 07:29:33', '2020-12-29 07:29:33'),
(27, 'Нүүр хуудас', 4, '2020-12-29 07:30:25', '2020-12-29 07:30:25'),
(28, 'Нүүр хуудас', 4, '2020-12-29 07:30:36', '2020-12-29 07:30:36'),
(29, 'ХЭМАБ хуудас', 4, '2020-12-29 07:30:38', '2020-12-29 07:30:38'),
(30, 'ХЭМАБ хуудас', 4, '2020-12-29 07:30:49', '2020-12-29 07:30:49'),
(31, 'ХЭМАБ хуудас', 4, '2020-12-29 07:31:06', '2020-12-29 07:31:06'),
(32, 'ХЭМАБ хуудас', 4, '2020-12-29 07:32:34', '2020-12-29 07:32:34'),
(33, 'Нүүр хуудас', 4, '2020-12-29 07:35:12', '2020-12-29 07:35:12'),
(34, 'ХЭМАБ хуудас', 4, '2020-12-29 07:35:18', '2020-12-29 07:35:18'),
(35, 'ХЭМАБ хуудас', 4, '2020-12-29 07:37:17', '2020-12-29 07:37:17'),
(36, 'ХЭМАБ хуудас', 4, '2020-12-29 07:37:45', '2020-12-29 07:37:45'),
(37, 'ХЭМАБ хуудас', 4, '2020-12-29 07:39:51', '2020-12-29 07:39:51'),
(38, 'МАБУТ хуудас', 4, '2020-12-29 07:40:04', '2020-12-29 07:40:04'),
(39, 'ХЭМАБ хуудас', 4, '2020-12-29 07:40:09', '2020-12-29 07:40:09'),
(40, 'ХЭМАБ хуудас', 4, '2020-12-29 07:40:38', '2020-12-29 07:40:38'),
(41, 'ХЭМАБ хуудас', 4, '2020-12-29 07:41:47', '2020-12-29 07:41:47'),
(42, 'ХЭМАБ хуудас', 4, '2020-12-29 07:43:13', '2020-12-29 07:43:13'),
(43, 'ХЭМАБ хуудас', 4, '2020-12-29 07:44:48', '2020-12-29 07:44:48'),
(44, 'ХЭМАБ хуудас', 4, '2020-12-29 07:45:59', '2020-12-29 07:45:59'),
(45, 'ХЭМАБ хуудас', 4, '2020-12-29 07:46:53', '2020-12-29 07:46:53'),
(46, 'ХЭМАБ хуудас', 4, '2020-12-29 07:47:38', '2020-12-29 07:47:38'),
(47, 'ХЭМАБ хуудас', 4, '2020-12-29 07:48:13', '2020-12-29 07:48:13'),
(48, 'ХЭМАБ хуудас', 4, '2020-12-29 07:48:38', '2020-12-29 07:48:38'),
(49, 'ХЭМАБ хуудас', 4, '2020-12-29 07:49:09', '2020-12-29 07:49:09'),
(50, 'ХЭМАБ хуудас', 4, '2020-12-29 07:50:25', '2020-12-29 07:50:25'),
(51, 'ХЭМАБ хуудас', 4, '2020-12-29 07:50:29', '2020-12-29 07:50:29'),
(52, 'ХЭМАБ хуудас', 4, '2020-12-29 07:50:41', '2020-12-29 07:50:41'),
(53, 'МАБУТ хуудас', 4, '2020-12-29 07:51:27', '2020-12-29 07:51:27'),
(54, 'ХЭМАБ хуудас', 4, '2020-12-29 07:51:37', '2020-12-29 07:51:37'),
(55, 'МАБУТ хуудас', 4, '2020-12-29 07:52:00', '2020-12-29 07:52:00'),
(56, 'ХЭМАБ хуудас', 4, '2020-12-29 07:52:28', '2020-12-29 07:52:28'),
(57, 'МАБУТ хуудас', 4, '2020-12-29 07:52:37', '2020-12-29 07:52:37'),
(58, 'ХЭМАБ хуудас', 4, '2020-12-29 07:52:42', '2020-12-29 07:52:42'),
(59, 'ХЭМАБ хуудас', 4, '2020-12-29 07:52:46', '2020-12-29 07:52:46'),
(60, 'ХЭМАБ хуудас', 4, '2020-12-29 07:52:56', '2020-12-29 07:52:56'),
(61, 'ХЭМАБ хуудас', 4, '2020-12-29 07:55:28', '2020-12-29 07:55:28'),
(62, 'ХЭМАБ хуудас', 4, '2020-12-29 07:56:53', '2020-12-29 07:56:53'),
(63, 'ХЭМАБ хуудас', 4, '2020-12-29 07:58:21', '2020-12-29 07:58:21'),
(64, 'МАБУТ хуудас', 4, '2020-12-29 07:58:24', '2020-12-29 07:58:24'),
(65, 'МАБУТ хуудас', 4, '2020-12-29 08:03:19', '2020-12-29 08:03:19'),
(66, 'ХЭМАБ хуудас', 4, '2020-12-29 08:03:23', '2020-12-29 08:03:23'),
(67, 'МАБУТ хуудас', 4, '2020-12-29 08:05:59', '2020-12-29 08:05:59'),
(68, 'МАБУТ хуудас', 4, '2020-12-29 08:08:29', '2020-12-29 08:08:29'),
(69, 'ХЭМАБ хуудас', 4, '2020-12-29 08:09:17', '2020-12-29 08:09:17'),
(70, 'ХЭМАБ хуудас', 4, '2020-12-29 08:09:28', '2020-12-29 08:09:28'),
(71, 'ХЭМАБ хуудас', 4, '2020-12-29 08:10:27', '2020-12-29 08:10:27'),
(72, 'ХЭМАБ хуудас', 4, '2020-12-29 08:11:29', '2020-12-29 08:11:29'),
(73, 'ХЭМАБ хуудас', 4, '2020-12-29 08:14:27', '2020-12-29 08:14:27'),
(74, 'ХЭМАБ хуудас', 4, '2020-12-29 08:21:34', '2020-12-29 08:21:34'),
(75, 'ХЭМАБ хуудас', 4, '2020-12-29 08:21:54', '2020-12-29 08:21:54'),
(76, 'ХЭМАБ хуудас', 4, '2020-12-29 08:22:16', '2020-12-29 08:22:16'),
(77, 'ХЭМАБ хуудас', 4, '2020-12-29 08:24:47', '2020-12-29 08:24:47'),
(78, 'ХЭМАБ хуудас', 4, '2020-12-29 08:25:06', '2020-12-29 08:25:06'),
(79, 'ХЭМАБ хуудас', 4, '2020-12-29 08:25:17', '2020-12-29 08:25:17'),
(80, 'ХЭМАБ хуудас', 4, '2020-12-29 08:25:26', '2020-12-29 08:25:26'),
(81, 'Нүүр хуудас', 4, '2020-12-29 17:13:10', '2020-12-29 17:13:10'),
(82, 'ХЭМАБ хуудас', 4, '2020-12-29 17:13:18', '2020-12-29 17:13:18'),
(83, 'ХЭМАБ хуудас', 4, '2020-12-29 17:14:43', '2020-12-29 17:14:43'),
(84, 'ХЭМАБ хуудас', 4, '2020-12-29 17:17:20', '2020-12-29 17:17:20'),
(85, 'ХЭМАБ хуудас', 4, '2020-12-29 17:18:41', '2020-12-29 17:18:41'),
(86, 'ХЭМАБ хуудас', 4, '2020-12-29 17:19:02', '2020-12-29 17:19:02'),
(87, 'ХЭМАБ хуудас', 4, '2020-12-29 17:19:38', '2020-12-29 17:19:38'),
(88, 'ХЭМАБ хуудас', 4, '2020-12-29 17:23:13', '2020-12-29 17:23:13'),
(89, 'ХЭМАБ хуудас', 4, '2020-12-29 17:24:03', '2020-12-29 17:24:03'),
(90, 'ХЭМАБ хуудас', 4, '2020-12-29 17:25:16', '2020-12-29 17:25:16'),
(91, 'ХЭМАБ хуудас', 4, '2020-12-29 17:27:48', '2020-12-29 17:27:48'),
(92, 'ХЭМАБ хуудас', 4, '2020-12-29 17:27:52', '2020-12-29 17:27:52'),
(93, 'ХЭМАБ хуудас', 4, '2020-12-29 17:28:00', '2020-12-29 17:28:00'),
(94, 'ХЭМАБ хуудас', 4, '2020-12-29 17:28:11', '2020-12-29 17:28:11'),
(95, 'ХЭМАБ хуудас', 4, '2020-12-29 17:28:29', '2020-12-29 17:28:29'),
(96, 'ХЭМАБ хуудас', 4, '2020-12-29 17:30:19', '2020-12-29 17:30:19'),
(97, 'ХЭМАБ хуудас', 4, '2020-12-29 17:30:40', '2020-12-29 17:30:40'),
(98, 'Нүүр хуудас', 4, '2020-12-29 17:47:47', '2020-12-29 17:47:47'),
(99, 'ХЭМАБ хуудас', 4, '2020-12-29 17:47:49', '2020-12-29 17:47:49'),
(100, 'Нүүр хуудас', 4, '2020-12-29 17:48:28', '2020-12-29 17:48:28'),
(101, 'ХЭМАБ хуудас', 4, '2020-12-29 17:48:31', '2020-12-29 17:48:31'),
(102, 'ХЭМАБ хуудас', 4, '2020-12-29 17:48:39', '2020-12-29 17:48:39'),
(103, 'ХЭМАБ хуудас', 4, '2020-12-29 17:49:21', '2020-12-29 17:49:21'),
(104, 'ХЭМАБ хуудас', 4, '2020-12-29 17:49:58', '2020-12-29 17:49:58'),
(105, 'ХЭМАБ хуудас', 4, '2020-12-29 17:50:25', '2020-12-29 17:50:25'),
(106, 'ХЭМАБ хуудас', 4, '2020-12-29 18:10:11', '2020-12-29 18:10:11'),
(107, 'ХЭМАБ хуудас', 4, '2020-12-29 18:36:00', '2020-12-29 18:36:00'),
(108, 'ХЭМАБ хуудас', 4, '2020-12-29 18:36:21', '2020-12-29 18:36:21'),
(109, 'ХЭМАБ хуудас', 4, '2020-12-29 18:54:08', '2020-12-29 18:54:08'),
(110, 'Нүүр хуудас', 4, '2020-12-29 19:43:00', '2020-12-29 19:43:00'),
(111, 'ХЭМАБ хуудас', 4, '2020-12-29 19:48:52', '2020-12-29 19:48:52'),
(112, 'ХЭМАБ хуудас', 4, '2020-12-29 19:51:32', '2020-12-29 19:51:32'),
(113, 'ХЭМАБ хуудас', 4, '2020-12-29 19:51:36', '2020-12-29 19:51:36'),
(114, 'ХЭМАБ хуудас', 4, '2020-12-29 19:52:25', '2020-12-29 19:52:25'),
(115, 'ХЭМАБ хуудас', 4, '2020-12-29 19:52:40', '2020-12-29 19:52:40'),
(116, 'Нүүр хуудас', 8, '2020-12-29 19:53:10', '2020-12-29 19:53:10'),
(117, 'МАБУТ хуудас', 8, '2020-12-29 19:53:12', '2020-12-29 19:53:12'),
(118, 'МАБУТ хуудас', 8, '2020-12-29 19:57:27', '2020-12-29 19:57:27'),
(119, 'МАБУТ хуудас', 8, '2020-12-29 19:57:28', '2020-12-29 19:57:28'),
(120, 'МАБУТ хуудас', 8, '2020-12-29 19:58:01', '2020-12-29 19:58:01'),
(121, 'МАБУТ хуудас', 8, '2020-12-29 19:58:22', '2020-12-29 19:58:22'),
(122, 'МАБУТ хуудас', 8, '2020-12-29 19:59:02', '2020-12-29 19:59:02'),
(123, 'МАБУТ хуудас', 8, '2020-12-29 19:59:04', '2020-12-29 19:59:04'),
(124, 'МАБУТ хуудас', 8, '2020-12-29 19:59:16', '2020-12-29 19:59:16'),
(125, 'МАБУТ хуудас', 8, '2020-12-29 19:59:24', '2020-12-29 19:59:24'),
(126, 'МАБУТ хуудас', 8, '2020-12-29 19:59:26', '2020-12-29 19:59:26'),
(127, 'МАБУТ хуудас', 8, '2020-12-29 19:59:33', '2020-12-29 19:59:33'),
(128, 'МАБУТ хуудас', 8, '2020-12-29 19:59:35', '2020-12-29 19:59:35'),
(129, 'МАБУТ хуудас', 8, '2020-12-29 20:00:14', '2020-12-29 20:00:14'),
(130, 'МАБУТ хуудас', 8, '2020-12-29 20:00:32', '2020-12-29 20:00:32'),
(131, 'МАБУТ хуудас', 8, '2020-12-29 20:00:45', '2020-12-29 20:00:45'),
(132, 'МАБУТ хуудас', 8, '2020-12-29 20:00:54', '2020-12-29 20:00:54'),
(133, 'МАБУТ хуудас', 8, '2020-12-29 20:01:20', '2020-12-29 20:01:20'),
(134, 'МАБУТ хуудас', 8, '2020-12-29 20:01:35', '2020-12-29 20:01:35'),
(135, 'МАБУТ хуудас', 8, '2020-12-29 20:01:47', '2020-12-29 20:01:47'),
(136, 'МАБУТ хуудас', 8, '2020-12-29 20:03:00', '2020-12-29 20:03:00'),
(137, 'ХЭМАБ хуудас', 8, '2020-12-29 20:03:03', '2020-12-29 20:03:03'),
(138, 'ХЭМАБ хуудас', 8, '2020-12-29 20:03:34', '2020-12-29 20:03:34'),
(139, 'МАБУТ хуудас', 8, '2020-12-29 20:03:37', '2020-12-29 20:03:37'),
(140, 'ХЭМАБ хуудас', 8, '2020-12-29 20:03:38', '2020-12-29 20:03:38'),
(141, 'МАБУТ хуудас', 8, '2020-12-29 20:03:41', '2020-12-29 20:03:41'),
(142, 'МАБУТ хуудас', 4, '2020-12-29 20:03:49', '2020-12-29 20:03:49'),
(143, 'МАБУТ хуудас', 4, '2020-12-29 20:04:08', '2020-12-29 20:04:08'),
(144, 'МАБУТ хуудас', 4, '2020-12-29 20:06:41', '2020-12-29 20:06:41'),
(145, 'МАБУТ хуудас', 4, '2020-12-29 20:07:59', '2020-12-29 20:07:59'),
(146, 'МАБУТ хуудас', 4, '2020-12-29 20:08:14', '2020-12-29 20:08:14'),
(147, 'МАБУТ хуудас', 4, '2020-12-29 20:08:43', '2020-12-29 20:08:43'),
(148, 'МАБУТ хуудас', 4, '2020-12-29 20:09:13', '2020-12-29 20:09:13'),
(149, 'МАБУТ хуудас', 4, '2020-12-29 20:09:31', '2020-12-29 20:09:31'),
(150, 'МАБУТ хуудас', 4, '2020-12-29 20:11:37', '2020-12-29 20:11:37'),
(151, 'ХЭМАБ хуудас', 4, '2020-12-29 20:11:40', '2020-12-29 20:11:40'),
(152, 'МАБУТ хуудас', 8, '2020-12-29 20:11:49', '2020-12-29 20:11:49'),
(153, 'ХЭМАБ хуудас', 8, '2020-12-29 20:11:54', '2020-12-29 20:11:54'),
(154, 'ХЭМАБ хуудас', 4, '2020-12-29 20:25:52', '2020-12-29 20:25:52'),
(155, 'ХЭМАБ хуудас', 4, '2020-12-29 20:26:02', '2020-12-29 20:26:02'),
(156, 'МАБУТ хуудас', 4, '2020-12-29 20:26:06', '2020-12-29 20:26:06'),
(157, 'ХЭМАБ хуудас', 4, '2020-12-29 20:26:24', '2020-12-29 20:26:24'),
(158, 'МАБУТ хуудас', 4, '2020-12-29 20:26:25', '2020-12-29 20:26:25'),
(159, 'ХЭМАБ хуудас', 4, '2020-12-29 20:26:30', '2020-12-29 20:26:30'),
(160, 'Нүүр хуудас', 8, '2020-12-29 20:26:55', '2020-12-29 20:26:55'),
(161, 'МАБУТ хуудас', 8, '2020-12-29 20:26:58', '2020-12-29 20:26:58'),
(162, 'ХЭМАБ хуудас', 8, '2020-12-29 20:27:02', '2020-12-29 20:27:02'),
(163, 'ХЭМАБ хуудас', 8, '2020-12-29 20:27:42', '2020-12-29 20:27:42'),
(164, 'МАБУТ хуудас', 8, '2020-12-29 20:27:44', '2020-12-29 20:27:44'),
(165, 'ХЭМАБ хуудас', 8, '2020-12-29 20:27:46', '2020-12-29 20:27:46'),
(166, 'МАБУТ хуудас', 8, '2020-12-29 20:27:48', '2020-12-29 20:27:48'),
(167, 'МАБУТ хуудас', 8, '2020-12-29 20:28:02', '2020-12-29 20:28:02'),
(168, 'ХЭМАБ хуудас', 8, '2020-12-29 20:28:06', '2020-12-29 20:28:06'),
(169, 'ХЭМАБ хуудас', 8, '2020-12-29 20:28:17', '2020-12-29 20:28:17'),
(170, 'ХЭМАБ хуудас', 8, '2020-12-29 20:28:23', '2020-12-29 20:28:23'),
(171, 'МАБУТ хуудас', 8, '2020-12-29 20:28:27', '2020-12-29 20:28:27'),
(172, 'Нүүр хуудас', 4, '2020-12-29 20:29:28', '2020-12-29 20:29:28'),
(173, 'ХЭМАБ хуудас', 4, '2020-12-29 20:29:32', '2020-12-29 20:29:32'),
(174, 'МАБУТ хуудас', 4, '2020-12-29 20:29:36', '2020-12-29 20:29:36'),
(175, 'Нүүр хуудас', 22, '2020-12-29 20:48:43', '2020-12-29 20:48:43'),
(176, 'МАБУТ хуудас', 22, '2020-12-29 20:48:45', '2020-12-29 20:48:45'),
(177, 'ХЭМАБ хуудас', 22, '2020-12-29 20:48:47', '2020-12-29 20:48:47'),
(178, 'Нүүр хуудас', 8, '2020-12-29 20:49:07', '2020-12-29 20:49:07'),
(179, 'ХЭМАБ хуудас', 8, '2020-12-29 20:49:09', '2020-12-29 20:49:09'),
(180, 'ХЭМАБ хуудас', 8, '2020-12-29 20:49:34', '2020-12-29 20:49:34'),
(181, 'ХЭМАБ хуудас', 8, '2020-12-29 20:49:39', '2020-12-29 20:49:39'),
(182, 'ХЭМАБ хуудас', 22, '2020-12-29 21:01:39', '2020-12-29 21:01:39'),
(183, 'ХЭМАБ хуудас', 22, '2020-12-29 21:06:32', '2020-12-29 21:06:32'),
(184, 'ХЭМАБ хуудас', 8, '2020-12-29 21:06:39', '2020-12-29 21:06:39'),
(185, 'ХЭМАБ хуудас', 8, '2020-12-29 21:11:36', '2020-12-29 21:11:36'),
(186, 'ХЭМАБ хуудас', 22, '2020-12-29 21:11:40', '2020-12-29 21:11:40'),
(187, 'МАБУТ хуудас', 8, '2020-12-29 21:11:52', '2020-12-29 21:11:52'),
(188, 'Нүүр хуудас', 4, '2020-12-29 21:12:26', '2020-12-29 21:12:26'),
(189, 'ХЭМАБ хуудас', 4, '2020-12-29 21:12:29', '2020-12-29 21:12:29'),
(190, 'МАБУТ хуудас', 4, '2020-12-29 21:12:32', '2020-12-29 21:12:32'),
(191, 'ХЭМАБ хуудас', 4, '2020-12-29 22:10:45', '2020-12-29 22:10:45'),
(192, 'ХЭМАБ хуудас', 4, '2020-12-29 22:18:22', '2020-12-29 22:18:22'),
(193, 'Нүүр хуудас', 4, '2021-01-03 19:38:58', '2021-01-03 19:38:58'),
(194, 'Нүүр хуудас', 8, '2021-01-03 19:47:21', '2021-01-03 19:47:21'),
(195, 'Нүүр хуудас', 4, '2021-01-03 19:47:49', '2021-01-03 19:47:49'),
(196, 'Нүүр хуудас', 4, '2021-01-03 20:01:07', '2021-01-03 20:01:07'),
(197, 'МАБУТ хуудас', 4, '2021-01-03 20:01:13', '2021-01-03 20:01:13'),
(198, 'ХЭМАБ хуудас', 4, '2021-01-03 20:01:20', '2021-01-03 20:01:20'),
(199, 'Нүүр хуудас', 8, '2021-01-03 20:01:32', '2021-01-03 20:01:32'),
(200, 'МАБУТ хуудас', 8, '2021-01-03 20:01:34', '2021-01-03 20:01:34'),
(201, 'ХЭМАБ хуудас', 8, '2021-01-03 20:01:36', '2021-01-03 20:01:36'),
(202, 'Нүүр хуудас', 4, '2021-01-03 20:14:30', '2021-01-03 20:14:30'),
(203, 'ХЭМАБ хуудас', 4, '2021-01-03 20:29:01', '2021-01-03 20:29:01'),
(204, 'Нүүр хуудас', 8, '2021-01-03 20:29:12', '2021-01-03 20:29:12'),
(205, 'ХЭМАБ хуудас', 8, '2021-01-03 20:29:14', '2021-01-03 20:29:14'),
(206, 'Нүүр хуудас', 4, '2021-01-03 20:38:48', '2021-01-03 20:38:48'),
(207, 'Нүүр хуудас', 4, '2021-01-03 22:29:20', '2021-01-03 22:29:20'),
(208, 'Нүүр хуудас', 4, '2021-01-03 22:31:53', '2021-01-03 22:31:53'),
(209, 'Нүүр хуудас', 4, '2021-01-03 22:32:37', '2021-01-03 22:32:37'),
(210, 'Нүүр хуудас', 4, '2021-01-03 22:32:52', '2021-01-03 22:32:52'),
(211, 'МАБУТ хуудас', 4, '2021-01-03 22:33:32', '2021-01-03 22:33:32'),
(212, 'ХЭМАБ хуудас', 4, '2021-01-03 22:33:34', '2021-01-03 22:33:34'),
(213, 'Нүүр хуудас', 4, '2021-01-03 22:34:36', '2021-01-03 22:34:36'),
(214, 'ХЭМАБ хуудас', 4, '2021-01-03 22:37:09', '2021-01-03 22:37:09'),
(215, 'Нүүр хуудас', 8, '2021-01-03 22:37:25', '2021-01-03 22:37:25'),
(216, 'ХЭМАБ хуудас', 8, '2021-01-03 22:37:27', '2021-01-03 22:37:27'),
(217, 'МАБУТ хуудас', 8, '2021-01-03 22:37:34', '2021-01-03 22:37:34'),
(218, 'ХЭМАБ хуудас', 8, '2021-01-03 22:37:39', '2021-01-03 22:37:39'),
(219, 'Нүүр хуудас', 8, '2021-01-03 22:39:04', '2021-01-03 22:39:04'),
(220, 'ХЭМАБ хуудас', 8, '2021-01-03 22:39:07', '2021-01-03 22:39:07'),
(221, 'Нүүр хуудас', 8, '2021-01-03 22:40:30', '2021-01-03 22:40:30'),
(222, 'Нүүр хуудас', 4, '2021-01-03 22:41:06', '2021-01-03 22:41:06'),
(223, 'ХЭМАБ хуудас', 4, '2021-01-03 22:41:42', '2021-01-03 22:41:42'),
(224, 'ХЭМАБ хуудас', 4, '2021-01-03 22:42:17', '2021-01-03 22:42:17'),
(225, 'Нүүр хуудас', 4, '2021-01-03 22:42:23', '2021-01-03 22:42:23'),
(226, 'ХЭМАБ хуудас', 4, '2021-01-03 22:42:29', '2021-01-03 22:42:29'),
(227, 'ХЭМАБ хуудас', 4, '2021-01-03 22:42:52', '2021-01-03 22:42:52'),
(228, 'ХЭМАБ хуудас', 4, '2021-01-03 22:42:53', '2021-01-03 22:42:53'),
(229, 'Нүүр хуудас', 8, '2021-01-04 01:07:04', '2021-01-04 01:07:04'),
(230, 'ХЭМАБ хуудас', 8, '2021-01-04 01:07:06', '2021-01-04 01:07:06'),
(231, 'ХЭМАБ хуудас', 8, '2021-01-04 01:10:59', '2021-01-04 01:10:59'),
(232, 'Нүүр хуудас', 4, '2021-01-04 01:13:24', '2021-01-04 01:13:24'),
(233, 'Нүүр хуудас', 8, '2021-01-04 01:26:27', '2021-01-04 01:26:27'),
(234, 'ХЭМАБ хуудас', 8, '2021-01-04 01:26:29', '2021-01-04 01:26:29'),
(235, 'Нүүр хуудас', 8, '2021-01-04 01:37:10', '2021-01-04 01:37:10'),
(236, 'Нүүр хуудас', 8, '2021-01-04 01:37:43', '2021-01-04 01:37:43'),
(237, 'Нүүр хуудас', 8, '2021-01-04 01:37:49', '2021-01-04 01:37:49'),
(238, 'Нүүр хуудас', 8, '2021-01-04 01:38:37', '2021-01-04 01:38:37'),
(239, 'Нүүр хуудас', 8, '2021-01-04 01:38:43', '2021-01-04 01:38:43'),
(240, 'Нүүр хуудас', 8, '2021-01-04 01:38:53', '2021-01-04 01:38:53'),
(241, 'Нүүр хуудас', 8, '2021-01-04 01:40:02', '2021-01-04 01:40:02'),
(242, 'Нүүр хуудас', 8, '2021-01-04 01:40:08', '2021-01-04 01:40:08'),
(243, 'Нүүр хуудас', 8, '2021-01-04 01:40:12', '2021-01-04 01:40:12'),
(244, 'Нүүр хуудас', 4, '2021-01-07 07:33:25', '2021-01-07 07:33:25'),
(245, 'ХЭМАБ хуудас', 4, '2021-01-07 07:33:28', '2021-01-07 07:33:28'),
(246, 'Нүүр хуудас', 4, '2021-01-07 07:35:20', '2021-01-07 07:35:20'),
(247, 'ХЭМАБ хуудас', 4, '2021-01-07 07:35:23', '2021-01-07 07:35:23'),
(248, 'ХЭМАБ хуудас', 4, '2021-01-07 07:35:23', '2021-01-07 07:35:23'),
(249, 'ХЭМАБ хуудас', 4, '2021-01-07 07:36:41', '2021-01-07 07:36:41'),
(250, 'МАБУТ хуудас', 4, '2021-01-07 07:40:14', '2021-01-07 07:40:14'),
(251, 'ХЭМАБ хуудас', 4, '2021-01-07 07:40:29', '2021-01-07 07:40:29'),
(252, 'Нүүр хуудас', 4, '2021-01-11 18:36:19', '2021-01-11 18:36:19'),
(253, 'МАБУТ хуудас', 4, '2021-01-11 18:36:35', '2021-01-11 18:36:35'),
(254, 'ХЭМАБ хуудас', 4, '2021-01-11 18:42:16', '2021-01-11 18:42:16'),
(255, 'Нүүр хуудас', 4, '2021-01-12 20:01:08', '2021-01-12 20:01:08'),
(256, 'ХЭМАБ хуудас', 4, '2021-01-12 20:04:21', '2021-01-12 20:04:21'),
(257, 'МАБУТ хуудас', 4, '2021-01-12 20:04:51', '2021-01-12 20:04:51'),
(258, 'ХЭМАБ хуудас', 4, '2021-01-12 20:04:53', '2021-01-12 20:04:53'),
(259, 'Нүүр хуудас', 8, '2021-01-12 20:06:18', '2021-01-12 20:06:18'),
(260, 'ХЭМАБ хуудас', 8, '2021-01-12 20:06:31', '2021-01-12 20:06:31'),
(261, 'МАБУТ хуудас', 8, '2021-01-12 20:06:45', '2021-01-12 20:06:45'),
(262, 'ХЭМАБ хуудас', 8, '2021-01-12 20:06:57', '2021-01-12 20:06:57'),
(263, 'ХЭМАБ хуудас', 8, '2021-01-12 20:07:05', '2021-01-12 20:07:05'),
(264, 'Нүүр хуудас', 4, '2021-01-17 21:37:02', '2021-01-17 21:37:02'),
(265, 'Нүүр хуудас', 4, '2021-01-18 00:36:36', '2021-01-18 00:36:36'),
(266, 'Нүүр хуудас', 4, '2021-01-18 00:42:58', '2021-01-18 00:42:58'),
(267, 'Нүүр хуудас', 4, '2021-01-18 00:43:54', '2021-01-18 00:43:54'),
(268, 'Нүүр хуудас', 4, '2021-01-18 00:47:19', '2021-01-18 00:47:19'),
(269, 'Нүүр хуудас', 4, '2021-01-18 00:54:19', '2021-01-18 00:54:19'),
(270, 'Нүүр хуудас', 4, '2021-01-18 00:56:29', '2021-01-18 00:56:29'),
(271, 'Нүүр хуудас', 4, '2021-01-18 00:57:51', '2021-01-18 00:57:51'),
(272, 'Нүүр хуудас', 4, '2021-01-18 00:57:54', '2021-01-18 00:57:54'),
(273, 'Нүүр хуудас', 4, '2021-01-18 00:59:19', '2021-01-18 00:59:19'),
(274, 'Нүүр хуудас', 4, '2021-01-18 01:00:19', '2021-01-18 01:00:19'),
(275, 'МАБУТ хуудас', 4, '2021-01-18 01:00:27', '2021-01-18 01:00:27'),
(276, 'ХЭМАБ хуудас', 4, '2021-01-18 01:00:29', '2021-01-18 01:00:29'),
(277, 'МАБУТ хуудас', 4, '2021-01-18 01:00:33', '2021-01-18 01:00:33'),
(278, 'Нүүр хуудас', 4, '2021-01-18 01:00:47', '2021-01-18 01:00:47'),
(279, 'МАБУТ хуудас', 4, '2021-01-18 01:00:56', '2021-01-18 01:00:56'),
(280, 'МАБУТ хуудас', 4, '2021-01-18 01:01:46', '2021-01-18 01:01:46'),
(281, 'МАБУТ хуудас', 4, '2021-01-18 01:02:03', '2021-01-18 01:02:03'),
(282, 'МАБУТ хуудас', 4, '2021-01-18 01:02:24', '2021-01-18 01:02:24'),
(283, 'МАБУТ хуудас', 4, '2021-01-18 01:02:36', '2021-01-18 01:02:36'),
(284, 'Нүүр хуудас', 4, '2021-01-18 01:06:29', '2021-01-18 01:06:29'),
(285, 'Нүүр хуудас', 4, '2021-01-18 01:18:03', '2021-01-18 01:18:03'),
(286, 'МАБУТ хуудас', 4, '2021-01-18 01:20:58', '2021-01-18 01:20:58'),
(287, 'МАБУТ хуудас', 4, '2021-01-18 01:21:35', '2021-01-18 01:21:35'),
(288, 'МАБУТ хуудас', 4, '2021-01-18 01:21:43', '2021-01-18 01:21:43'),
(289, 'МАБУТ хуудас', 4, '2021-01-18 01:22:00', '2021-01-18 01:22:00'),
(290, 'ХЭМАБ хуудас', 4, '2021-01-18 01:22:03', '2021-01-18 01:22:03'),
(291, 'Нүүр хуудас', 8, '2021-01-18 01:25:46', '2021-01-18 01:25:46'),
(292, 'МАБУТ хуудас', 8, '2021-01-18 01:25:49', '2021-01-18 01:25:49'),
(293, 'ХЭМАБ хуудас', 8, '2021-01-18 01:25:49', '2021-01-18 01:25:49'),
(294, 'МАБУТ хуудас', 8, '2021-01-18 01:25:58', '2021-01-18 01:25:58'),
(295, 'МАБУТ хуудас', 8, '2021-01-18 01:27:45', '2021-01-18 01:27:45'),
(296, 'МАБУТ хуудас', 8, '2021-01-18 01:27:59', '2021-01-18 01:27:59'),
(297, 'МАБУТ хуудас', 8, '2021-01-18 01:28:09', '2021-01-18 01:28:09'),
(298, 'МАБУТ хуудас', 8, '2021-01-18 01:28:31', '2021-01-18 01:28:31'),
(299, 'МАБУТ хуудас', 8, '2021-01-18 01:29:05', '2021-01-18 01:29:05'),
(300, 'МАБУТ хуудас', 8, '2021-01-18 01:29:31', '2021-01-18 01:29:31'),
(301, 'МАБУТ хуудас', 8, '2021-01-18 01:29:33', '2021-01-18 01:29:33'),
(302, 'ХЭМАБ хуудас', 8, '2021-01-18 01:29:34', '2021-01-18 01:29:34'),
(303, 'ХЭМАБ хуудас', 8, '2021-01-18 01:31:01', '2021-01-18 01:31:01'),
(304, 'ХЭМАБ хуудас', 8, '2021-01-18 01:31:14', '2021-01-18 01:31:14'),
(305, 'ХЭМАБ хуудас', 8, '2021-01-18 01:31:22', '2021-01-18 01:31:22'),
(306, 'ХЭМАБ хуудас', 8, '2021-01-18 01:31:52', '2021-01-18 01:31:52'),
(307, 'ХЭМАБ хуудас', 8, '2021-01-18 01:31:57', '2021-01-18 01:31:57'),
(308, 'ХЭМАБ хуудас', 8, '2021-01-18 01:32:01', '2021-01-18 01:32:01'),
(309, 'ХЭМАБ хуудас', 8, '2021-01-18 01:32:13', '2021-01-18 01:32:13'),
(310, 'ХЭМАБ хуудас', 8, '2021-01-18 01:33:24', '2021-01-18 01:33:24'),
(311, 'ХЭМАБ хуудас', 8, '2021-01-18 01:34:24', '2021-01-18 01:34:24'),
(312, 'ХЭМАБ хуудас', 8, '2021-01-18 01:35:19', '2021-01-18 01:35:19'),
(313, 'ХЭМАБ хуудас', 8, '2021-01-18 01:35:35', '2021-01-18 01:35:35'),
(314, 'ХЭМАБ хуудас', 8, '2021-01-18 01:35:43', '2021-01-18 01:35:43'),
(315, 'ХЭМАБ хуудас', 8, '2021-01-18 01:35:51', '2021-01-18 01:35:51'),
(316, 'ХЭМАБ хуудас', 8, '2021-01-18 01:36:18', '2021-01-18 01:36:18'),
(317, 'ХЭМАБ хуудас', 8, '2021-01-18 01:36:33', '2021-01-18 01:36:33'),
(318, 'Нүүр хуудас', 8, '2021-01-18 01:36:52', '2021-01-18 01:36:52'),
(319, 'МАБУТ хуудас', 8, '2021-01-18 01:36:57', '2021-01-18 01:36:57'),
(320, 'МАБУТ хуудас', 8, '2021-01-18 01:38:12', '2021-01-18 01:38:12'),
(321, 'МАБУТ хуудас', 8, '2021-01-18 01:39:02', '2021-01-18 01:39:02'),
(322, 'МАБУТ хуудас', 8, '2021-01-18 01:39:19', '2021-01-18 01:39:19'),
(323, 'МАБУТ хуудас', 8, '2021-01-18 01:40:43', '2021-01-18 01:40:43'),
(324, 'МАБУТ хуудас', 8, '2021-01-18 01:41:57', '2021-01-18 01:41:57'),
(325, 'МАБУТ хуудас', 8, '2021-01-18 01:42:12', '2021-01-18 01:42:12'),
(326, 'МАБУТ хуудас', 8, '2021-01-18 01:43:09', '2021-01-18 01:43:09'),
(327, 'МАБУТ хуудас', 8, '2021-01-18 01:43:15', '2021-01-18 01:43:15'),
(328, 'МАБУТ хуудас', 8, '2021-01-18 01:43:21', '2021-01-18 01:43:21'),
(329, 'МАБУТ хуудас', 8, '2021-01-18 01:43:37', '2021-01-18 01:43:37'),
(330, 'МАБУТ хуудас', 8, '2021-01-18 01:43:48', '2021-01-18 01:43:48'),
(331, 'МАБУТ хуудас', 8, '2021-01-18 01:43:52', '2021-01-18 01:43:52'),
(332, 'МАБУТ хуудас', 8, '2021-01-18 01:43:59', '2021-01-18 01:43:59'),
(333, 'МАБУТ хуудас', 8, '2021-01-18 01:44:18', '2021-01-18 01:44:18'),
(334, 'МАБУТ хуудас', 8, '2021-01-18 01:44:40', '2021-01-18 01:44:40'),
(335, 'МАБУТ хуудас', 8, '2021-01-18 01:45:28', '2021-01-18 01:45:28'),
(336, 'МАБУТ хуудас', 8, '2021-01-18 01:46:13', '2021-01-18 01:46:13'),
(337, 'МАБУТ хуудас', 8, '2021-01-18 01:46:14', '2021-01-18 01:46:14'),
(338, 'МАБУТ хуудас', 8, '2021-01-18 01:46:21', '2021-01-18 01:46:21'),
(339, 'ХЭМАБ хуудас', 8, '2021-01-18 01:46:38', '2021-01-18 01:46:38'),
(340, 'ХЭМАБ хуудас', 8, '2021-01-18 01:48:25', '2021-01-18 01:48:25'),
(341, 'ХЭМАБ хуудас', 8, '2021-01-18 01:49:51', '2021-01-18 01:49:51'),
(342, 'ХЭМАБ хуудас', 8, '2021-01-18 01:52:28', '2021-01-18 01:52:28'),
(343, 'ХЭМАБ хуудас', 8, '2021-01-18 01:53:08', '2021-01-18 01:53:08'),
(344, 'ХЭМАБ хуудас', 8, '2021-01-18 01:53:30', '2021-01-18 01:53:30'),
(345, 'ХЭМАБ хуудас', 8, '2021-01-18 01:54:07', '2021-01-18 01:54:07'),
(346, 'ХЭМАБ хуудас', 8, '2021-01-18 01:54:21', '2021-01-18 01:54:21'),
(347, 'ХЭМАБ хуудас', 8, '2021-01-18 01:54:24', '2021-01-18 01:54:24'),
(348, 'ХЭМАБ хуудас', 8, '2021-01-18 01:55:14', '2021-01-18 01:55:14'),
(349, 'ХЭМАБ хуудас', 8, '2021-01-18 01:55:46', '2021-01-18 01:55:46'),
(350, 'ХЭМАБ хуудас', 8, '2021-01-18 01:56:07', '2021-01-18 01:56:07'),
(351, 'Нүүр хуудас', 8, '2021-01-18 01:56:15', '2021-01-18 01:56:15'),
(352, 'ХЭМАБ хуудас', 8, '2021-01-18 01:56:44', '2021-01-18 01:56:44'),
(353, 'ХЭМАБ хуудас', 8, '2021-01-18 01:56:44', '2021-01-18 01:56:44'),
(354, 'ХЭМАБ хуудас', 8, '2021-01-18 01:57:01', '2021-01-18 01:57:01'),
(355, 'ХЭМАБ хуудас', 8, '2021-01-18 01:57:11', '2021-01-18 01:57:11'),
(356, 'ХЭМАБ хуудас', 8, '2021-01-18 01:57:25', '2021-01-18 01:57:25'),
(357, 'ХЭМАБ хуудас', 8, '2021-01-18 01:57:59', '2021-01-18 01:57:59'),
(358, 'ХЭМАБ хуудас', 8, '2021-01-18 01:58:17', '2021-01-18 01:58:17'),
(359, 'ХЭМАБ хуудас', 8, '2021-01-18 01:58:54', '2021-01-18 01:58:54'),
(360, 'ХЭМАБ хуудас', 8, '2021-01-18 01:59:33', '2021-01-18 01:59:33'),
(361, 'ХЭМАБ хуудас', 8, '2021-01-18 01:59:48', '2021-01-18 01:59:48'),
(362, 'ХЭМАБ хуудас', 8, '2021-01-18 02:00:06', '2021-01-18 02:00:06'),
(363, 'МАБУТ хуудас', 8, '2021-01-18 02:00:20', '2021-01-18 02:00:20'),
(364, 'ХЭМАБ хуудас', 8, '2021-01-18 02:00:27', '2021-01-18 02:00:27'),
(365, 'ХЭМАБ хуудас', 8, '2021-01-18 02:07:48', '2021-01-18 02:07:48'),
(366, 'ХЭМАБ хуудас', 8, '2021-01-18 02:08:25', '2021-01-18 02:08:25'),
(367, 'Нүүр хуудас', 4, '2021-01-18 17:16:33', '2021-01-18 17:16:33'),
(368, 'Нүүр хуудас', 4, '2021-01-18 17:21:25', '2021-01-18 17:21:25'),
(369, 'МАБУТ хуудас', 4, '2021-01-18 17:21:44', '2021-01-18 17:21:44'),
(370, 'ХЭМАБ хуудас', 4, '2021-01-18 17:21:55', '2021-01-18 17:21:55'),
(371, 'ХЭМАБ хуудас', 4, '2021-01-18 17:21:56', '2021-01-18 17:21:56'),
(372, 'ХЭМАБ хуудас', 4, '2021-01-18 17:22:13', '2021-01-18 17:22:13'),
(373, 'ХЭМАБ хуудас', 4, '2021-01-18 17:22:14', '2021-01-18 17:22:14'),
(374, 'ХЭМАБ хуудас', 4, '2021-01-18 17:22:25', '2021-01-18 17:22:25'),
(375, 'ХЭМАБ хуудас', 4, '2021-01-18 17:22:44', '2021-01-18 17:22:44'),
(376, 'ХЭМАБ хуудас', 4, '2021-01-18 17:23:18', '2021-01-18 17:23:18'),
(377, 'ХЭМАБ хуудас', 4, '2021-01-18 17:25:04', '2021-01-18 17:25:04'),
(378, 'МАБУТ хуудас', 4, '2021-01-18 17:25:16', '2021-01-18 17:25:16'),
(379, 'Нүүр хуудас', 4, '2021-01-18 17:30:20', '2021-01-18 17:30:20'),
(380, 'МАБУТ хуудас', 4, '2021-01-18 17:30:26', '2021-01-18 17:30:26'),
(381, 'Нүүр хуудас', 4, '2021-01-18 17:36:15', '2021-01-18 17:36:15'),
(382, 'МАБУТ хуудас', 4, '2021-01-18 17:36:23', '2021-01-18 17:36:23'),
(383, 'ХЭМАБ хуудас', 4, '2021-01-18 17:36:30', '2021-01-18 17:36:30'),
(384, 'Нүүр хуудас', 8, '2021-01-18 17:37:01', '2021-01-18 17:37:01'),
(385, 'ХЭМАБ хуудас', 8, '2021-01-18 17:37:07', '2021-01-18 17:37:07'),
(386, 'ХЭМАБ хуудас', 8, '2021-01-18 17:39:50', '2021-01-18 17:39:50'),
(387, 'МАБУТ хуудас', 8, '2021-01-18 17:40:10', '2021-01-18 17:40:10'),
(388, 'ХЭМАБ хуудас', 8, '2021-01-18 17:40:17', '2021-01-18 17:40:17'),
(389, 'ХЭМАБ хуудас', 8, '2021-01-18 17:41:16', '2021-01-18 17:41:16'),
(390, 'ХЭМАБ хуудас', 8, '2021-01-18 17:42:14', '2021-01-18 17:42:14'),
(391, 'ХЭМАБ хуудас', 8, '2021-01-18 17:42:50', '2021-01-18 17:42:50'),
(392, 'ХЭМАБ хуудас', 8, '2021-01-18 17:43:17', '2021-01-18 17:43:17'),
(393, 'ХЭМАБ хуудас', 8, '2021-01-18 17:43:50', '2021-01-18 17:43:50'),
(394, 'ХЭМАБ хуудас', 8, '2021-01-18 17:44:30', '2021-01-18 17:44:30'),
(395, 'ХЭМАБ хуудас', 8, '2021-01-18 17:44:40', '2021-01-18 17:44:40'),
(396, 'ХЭМАБ хуудас', 8, '2021-01-18 17:45:05', '2021-01-18 17:45:05'),
(397, 'ХЭМАБ хуудас', 8, '2021-01-18 17:45:52', '2021-01-18 17:45:52'),
(398, 'ХЭМАБ хуудас', 8, '2021-01-18 17:48:40', '2021-01-18 17:48:40'),
(399, 'ХЭМАБ хуудас', 8, '2021-01-18 17:49:11', '2021-01-18 17:49:11'),
(400, 'ХЭМАБ хуудас', 8, '2021-01-18 17:49:53', '2021-01-18 17:49:53'),
(401, 'ХЭМАБ хуудас', 8, '2021-01-18 17:50:59', '2021-01-18 17:50:59'),
(402, 'Нүүр хуудас', 8, '2021-01-18 17:51:34', '2021-01-18 17:51:34'),
(403, 'Нүүр хуудас', 8, '2021-01-18 17:58:19', '2021-01-18 17:58:19'),
(404, 'МАБУТ хуудас', 8, '2021-01-18 17:58:26', '2021-01-18 17:58:26'),
(405, 'ХЭМАБ хуудас', 8, '2021-01-18 17:58:41', '2021-01-18 17:58:41'),
(406, 'Нүүр хуудас', 8, '2021-01-18 18:18:10', '2021-01-18 18:18:10'),
(407, 'МАБУТ хуудас', 8, '2021-01-18 18:18:25', '2021-01-18 18:18:25'),
(408, 'МАБУТ хуудас', 8, '2021-01-18 18:21:54', '2021-01-18 18:21:54'),
(409, 'Нүүр хуудас', 8, '2021-01-18 18:22:43', '2021-01-18 18:22:43'),
(410, 'Нүүр хуудас', 8, '2021-01-18 18:26:30', '2021-01-18 18:26:30'),
(411, 'Нүүр хуудас', 8, '2021-01-18 18:26:54', '2021-01-18 18:26:54'),
(412, 'МАБУТ хуудас', 8, '2021-01-18 18:27:00', '2021-01-18 18:27:00'),
(413, 'Нүүр хуудас', 8, '2021-01-18 18:27:34', '2021-01-18 18:27:34'),
(414, 'Нүүр хуудас', 8, '2021-01-18 18:27:54', '2021-01-18 18:27:54'),
(415, 'Нүүр хуудас', 8, '2021-01-18 18:28:44', '2021-01-18 18:28:44'),
(416, 'Нүүр хуудас', 8, '2021-01-18 18:30:41', '2021-01-18 18:30:41'),
(417, 'МАБУТ хуудас', 8, '2021-01-18 18:30:45', '2021-01-18 18:30:45'),
(418, 'ХЭМАБ хуудас', 8, '2021-01-18 18:30:48', '2021-01-18 18:30:48'),
(419, 'МАБУТ хуудас', 8, '2021-01-18 18:30:52', '2021-01-18 18:30:52'),
(420, 'МАБУТ хуудас', 8, '2021-01-18 18:32:19', '2021-01-18 18:32:19'),
(421, 'МАБУТ хуудас', 8, '2021-01-18 18:34:51', '2021-01-18 18:34:51'),
(422, 'МАБУТ хуудас', 8, '2021-01-18 18:36:04', '2021-01-18 18:36:04'),
(423, 'Нүүр хуудас', 8, '2021-01-18 18:36:27', '2021-01-18 18:36:27'),
(424, 'ХЭМАБ хуудас', 8, '2021-01-18 18:36:29', '2021-01-18 18:36:29'),
(425, 'ХЭМАБ хуудас', 8, '2021-01-18 18:37:15', '2021-01-18 18:37:15'),
(426, 'ХЭМАБ хуудас', 8, '2021-01-18 18:37:44', '2021-01-18 18:37:44'),
(427, 'ХЭМАБ хуудас', 8, '2021-01-18 18:37:59', '2021-01-18 18:37:59'),
(428, 'ХЭМАБ хуудас', 8, '2021-01-18 18:38:05', '2021-01-18 18:38:05'),
(429, 'ХЭМАБ хуудас', 8, '2021-01-18 18:38:17', '2021-01-18 18:38:17'),
(430, 'ХЭМАБ хуудас', 8, '2021-01-18 18:38:46', '2021-01-18 18:38:46'),
(431, 'ХЭМАБ хуудас', 8, '2021-01-18 18:38:56', '2021-01-18 18:38:56'),
(432, 'ХЭМАБ хуудас', 8, '2021-01-18 18:39:18', '2021-01-18 18:39:18'),
(433, 'ХЭМАБ хуудас', 8, '2021-01-18 18:39:30', '2021-01-18 18:39:30'),
(434, 'Нүүр хуудас', 8, '2021-01-18 18:39:38', '2021-01-18 18:39:38'),
(435, 'ХЭМАБ хуудас', 8, '2021-01-18 18:39:42', '2021-01-18 18:39:42'),
(436, 'ХЭМАБ хуудас', 8, '2021-01-18 18:40:03', '2021-01-18 18:40:03'),
(437, 'ХЭМАБ хуудас', 8, '2021-01-18 18:40:33', '2021-01-18 18:40:33'),
(438, 'ХЭМАБ хуудас', 8, '2021-01-18 18:41:08', '2021-01-18 18:41:08'),
(439, 'ХЭМАБ хуудас', 8, '2021-01-18 18:41:32', '2021-01-18 18:41:32'),
(440, 'ХЭМАБ хуудас', 8, '2021-01-18 18:41:41', '2021-01-18 18:41:41'),
(441, 'ХЭМАБ хуудас', 8, '2021-01-18 18:41:58', '2021-01-18 18:41:58'),
(442, 'ХЭМАБ хуудас', 8, '2021-01-18 18:42:03', '2021-01-18 18:42:03'),
(443, 'ХЭМАБ хуудас', 8, '2021-01-18 18:42:48', '2021-01-18 18:42:48'),
(444, 'ХЭМАБ хуудас', 8, '2021-01-18 18:43:51', '2021-01-18 18:43:51'),
(445, 'ХЭМАБ хуудас', 8, '2021-01-18 18:44:02', '2021-01-18 18:44:02'),
(446, 'ХЭМАБ хуудас', 8, '2021-01-18 18:44:10', '2021-01-18 18:44:10'),
(447, 'ХЭМАБ хуудас', 8, '2021-01-18 18:44:32', '2021-01-18 18:44:32'),
(448, 'ХЭМАБ хуудас', 8, '2021-01-18 18:45:15', '2021-01-18 18:45:15'),
(449, 'ХЭМАБ хуудас', 8, '2021-01-18 18:45:35', '2021-01-18 18:45:35'),
(450, 'ХЭМАБ хуудас', 8, '2021-01-18 18:45:39', '2021-01-18 18:45:39'),
(451, 'ХЭМАБ хуудас', 8, '2021-01-18 18:46:00', '2021-01-18 18:46:00'),
(452, 'ХЭМАБ хуудас', 8, '2021-01-18 18:47:38', '2021-01-18 18:47:38'),
(453, 'ХЭМАБ хуудас', 8, '2021-01-18 18:47:44', '2021-01-18 18:47:44'),
(454, 'ХЭМАБ хуудас', 8, '2021-01-18 18:47:52', '2021-01-18 18:47:52'),
(455, 'ХЭМАБ хуудас', 8, '2021-01-18 18:49:38', '2021-01-18 18:49:38'),
(456, 'ХЭМАБ хуудас', 8, '2021-01-18 18:50:01', '2021-01-18 18:50:01'),
(457, 'ХЭМАБ хуудас', 8, '2021-01-18 18:50:07', '2021-01-18 18:50:07'),
(458, 'ХЭМАБ хуудас', 8, '2021-01-18 18:50:23', '2021-01-18 18:50:23'),
(459, 'ХЭМАБ хуудас', 8, '2021-01-18 18:50:28', '2021-01-18 18:50:28'),
(460, 'ХЭМАБ хуудас', 8, '2021-01-18 18:50:33', '2021-01-18 18:50:33'),
(461, 'ХЭМАБ хуудас', 8, '2021-01-18 18:50:38', '2021-01-18 18:50:38'),
(462, 'ХЭМАБ хуудас', 8, '2021-01-18 18:50:57', '2021-01-18 18:50:57'),
(463, 'ХЭМАБ хуудас', 8, '2021-01-18 18:51:01', '2021-01-18 18:51:01'),
(464, 'ХЭМАБ хуудас', 8, '2021-01-18 18:51:14', '2021-01-18 18:51:14'),
(465, 'ХЭМАБ хуудас', 8, '2021-01-18 18:51:22', '2021-01-18 18:51:22'),
(466, 'ХЭМАБ хуудас', 8, '2021-01-18 18:51:28', '2021-01-18 18:51:28'),
(467, 'ХЭМАБ хуудас', 8, '2021-01-18 18:52:49', '2021-01-18 18:52:49'),
(468, 'ХЭМАБ хуудас', 8, '2021-01-18 18:52:59', '2021-01-18 18:52:59'),
(469, 'ХЭМАБ хуудас', 8, '2021-01-18 18:53:08', '2021-01-18 18:53:08'),
(470, 'ХЭМАБ хуудас', 8, '2021-01-18 18:53:18', '2021-01-18 18:53:18'),
(471, 'ХЭМАБ хуудас', 8, '2021-01-18 18:53:26', '2021-01-18 18:53:26'),
(472, 'ХЭМАБ хуудас', 8, '2021-01-18 18:55:15', '2021-01-18 18:55:15'),
(473, 'ХЭМАБ хуудас', 8, '2021-01-18 18:55:24', '2021-01-18 18:55:24'),
(474, 'ХЭМАБ хуудас', 8, '2021-01-18 18:55:49', '2021-01-18 18:55:49'),
(475, 'ХЭМАБ хуудас', 8, '2021-01-18 18:55:55', '2021-01-18 18:55:55'),
(476, 'ХЭМАБ хуудас', 8, '2021-01-18 18:56:01', '2021-01-18 18:56:01'),
(477, 'ХЭМАБ хуудас', 8, '2021-01-18 18:56:06', '2021-01-18 18:56:06'),
(478, 'ХЭМАБ хуудас', 8, '2021-01-18 18:56:10', '2021-01-18 18:56:10'),
(479, 'ХЭМАБ хуудас', 8, '2021-01-18 18:56:50', '2021-01-18 18:56:50'),
(480, 'ХЭМАБ хуудас', 8, '2021-01-18 18:57:45', '2021-01-18 18:57:45'),
(481, 'ХЭМАБ хуудас', 8, '2021-01-18 18:58:06', '2021-01-18 18:58:06'),
(482, 'ХЭМАБ хуудас', 8, '2021-01-18 18:58:13', '2021-01-18 18:58:13'),
(483, 'ХЭМАБ хуудас', 8, '2021-01-18 18:58:34', '2021-01-18 18:58:34'),
(484, 'ХЭМАБ хуудас', 8, '2021-01-18 18:58:43', '2021-01-18 18:58:43'),
(485, 'ХЭМАБ хуудас', 8, '2021-01-18 18:58:57', '2021-01-18 18:58:57'),
(486, 'ХЭМАБ хуудас', 8, '2021-01-18 18:59:08', '2021-01-18 18:59:08'),
(487, 'ХЭМАБ хуудас', 8, '2021-01-18 18:59:26', '2021-01-18 18:59:26'),
(488, 'ХЭМАБ хуудас', 8, '2021-01-18 18:59:37', '2021-01-18 18:59:37'),
(489, 'ХЭМАБ хуудас', 8, '2021-01-18 18:59:51', '2021-01-18 18:59:51'),
(490, 'ХЭМАБ хуудас', 8, '2021-01-18 19:00:02', '2021-01-18 19:00:02'),
(491, 'ХЭМАБ хуудас', 8, '2021-01-18 19:00:56', '2021-01-18 19:00:56'),
(492, 'ХЭМАБ хуудас', 8, '2021-01-18 19:01:30', '2021-01-18 19:01:30'),
(493, 'ХЭМАБ хуудас', 8, '2021-01-18 19:01:39', '2021-01-18 19:01:39'),
(494, 'ХЭМАБ хуудас', 8, '2021-01-18 19:02:04', '2021-01-18 19:02:04'),
(495, 'ХЭМАБ хуудас', 8, '2021-01-18 19:08:14', '2021-01-18 19:08:14'),
(496, 'ХЭМАБ хуудас', 8, '2021-01-18 19:08:55', '2021-01-18 19:08:55'),
(497, 'ХЭМАБ хуудас', 8, '2021-01-18 19:10:16', '2021-01-18 19:10:16'),
(498, 'ХЭМАБ хуудас', 8, '2021-01-18 19:10:45', '2021-01-18 19:10:45'),
(499, 'ХЭМАБ хуудас', 8, '2021-01-18 19:11:26', '2021-01-18 19:11:26'),
(500, 'ХЭМАБ хуудас', 8, '2021-01-18 19:11:31', '2021-01-18 19:11:31'),
(501, 'ХЭМАБ хуудас', 8, '2021-01-18 19:13:22', '2021-01-18 19:13:22'),
(502, 'МАБУТ хуудас', 8, '2021-01-18 19:13:25', '2021-01-18 19:13:25'),
(503, 'МАБУТ хуудас', 8, '2021-01-18 19:14:47', '2021-01-18 19:14:47'),
(504, 'МАБУТ хуудас', 8, '2021-01-18 19:15:59', '2021-01-18 19:15:59'),
(505, 'МАБУТ хуудас', 8, '2021-01-18 19:16:12', '2021-01-18 19:16:12'),
(506, 'МАБУТ хуудас', 8, '2021-01-18 19:16:20', '2021-01-18 19:16:20'),
(507, 'ХЭМАБ хуудас', 8, '2021-01-18 19:16:22', '2021-01-18 19:16:22'),
(508, 'МАБУТ хуудас', 8, '2021-01-18 19:16:23', '2021-01-18 19:16:23'),
(509, 'МАБУТ хуудас', 8, '2021-01-18 19:18:34', '2021-01-18 19:18:34'),
(510, 'МАБУТ хуудас', 8, '2021-01-18 19:19:17', '2021-01-18 19:19:17'),
(511, 'МАБУТ хуудас', 8, '2021-01-18 19:19:29', '2021-01-18 19:19:29'),
(512, 'МАБУТ хуудас', 8, '2021-01-18 19:19:34', '2021-01-18 19:19:34'),
(513, 'ХЭМАБ хуудас', 8, '2021-01-18 19:19:40', '2021-01-18 19:19:40'),
(514, 'МАБУТ хуудас', 8, '2021-01-18 19:19:42', '2021-01-18 19:19:42'),
(515, 'ХЭМАБ хуудас', 8, '2021-01-18 19:19:47', '2021-01-18 19:19:47'),
(516, 'ХЭМАБ хуудас', 8, '2021-01-18 19:19:49', '2021-01-18 19:19:49'),
(517, 'ХЭМАБ хуудас', 8, '2021-01-18 19:21:23', '2021-01-18 19:21:23'),
(518, 'ХЭМАБ хуудас', 8, '2021-01-18 19:21:24', '2021-01-18 19:21:24'),
(519, 'ХЭМАБ хуудас', 8, '2021-01-18 19:21:40', '2021-01-18 19:21:40'),
(520, 'ХЭМАБ хуудас', 8, '2021-01-18 19:22:15', '2021-01-18 19:22:15'),
(521, 'МАБУТ хуудас', 8, '2021-01-18 19:22:18', '2021-01-18 19:22:18'),
(522, 'ХЭМАБ хуудас', 8, '2021-01-18 19:22:27', '2021-01-18 19:22:27'),
(523, 'ХЭМАБ хуудас', 8, '2021-01-18 19:23:48', '2021-01-18 19:23:48'),
(524, 'МАБУТ хуудас', 8, '2021-01-18 19:23:51', '2021-01-18 19:23:51'),
(525, 'ХЭМАБ хуудас', 8, '2021-01-18 19:23:59', '2021-01-18 19:23:59'),
(526, 'ХЭМАБ хуудас', 8, '2021-01-18 19:24:01', '2021-01-18 19:24:01'),
(527, 'ХЭМАБ хуудас', 8, '2021-01-18 19:24:04', '2021-01-18 19:24:04'),
(528, 'ХЭМАБ хуудас', 8, '2021-01-18 19:25:23', '2021-01-18 19:25:23'),
(529, 'ХЭМАБ хуудас', 8, '2021-01-18 19:25:31', '2021-01-18 19:25:31'),
(530, 'ХЭМАБ хуудас', 8, '2021-01-18 19:25:59', '2021-01-18 19:25:59'),
(531, 'ХЭМАБ хуудас', 8, '2021-01-18 19:26:08', '2021-01-18 19:26:08'),
(532, 'ХЭМАБ хуудас', 8, '2021-01-18 19:26:13', '2021-01-18 19:26:13'),
(533, 'ХЭМАБ хуудас', 8, '2021-01-18 19:26:31', '2021-01-18 19:26:31'),
(534, 'ХЭМАБ хуудас', 8, '2021-01-18 19:26:33', '2021-01-18 19:26:33'),
(535, 'ХЭМАБ хуудас', 8, '2021-01-18 19:26:35', '2021-01-18 19:26:35'),
(536, 'ХЭМАБ хуудас', 8, '2021-01-18 19:26:44', '2021-01-18 19:26:44'),
(537, 'ХЭМАБ хуудас', 8, '2021-01-18 19:26:48', '2021-01-18 19:26:48'),
(538, 'МАБУТ хуудас', 8, '2021-01-18 19:26:51', '2021-01-18 19:26:51'),
(539, 'ХЭМАБ хуудас', 8, '2021-01-18 19:26:54', '2021-01-18 19:26:54'),
(540, 'ХЭМАБ хуудас', 8, '2021-01-18 19:26:56', '2021-01-18 19:26:56'),
(541, 'ХЭМАБ хуудас', 8, '2021-01-18 19:26:59', '2021-01-18 19:26:59'),
(542, 'ХЭМАБ хуудас', 8, '2021-01-18 19:27:37', '2021-01-18 19:27:37'),
(543, 'МАБУТ хуудас', 8, '2021-01-18 19:27:41', '2021-01-18 19:27:41'),
(544, 'ХЭМАБ хуудас', 8, '2021-01-18 19:27:45', '2021-01-18 19:27:45'),
(545, 'ХЭМАБ хуудас', 8, '2021-01-18 19:27:46', '2021-01-18 19:27:46'),
(546, 'ХЭМАБ хуудас', 8, '2021-01-18 19:27:53', '2021-01-18 19:27:53'),
(547, 'МАБУТ хуудас', 8, '2021-01-18 19:27:59', '2021-01-18 19:27:59'),
(548, 'ХЭМАБ хуудас', 8, '2021-01-18 19:28:01', '2021-01-18 19:28:01'),
(549, 'ХЭМАБ хуудас', 8, '2021-01-18 19:28:03', '2021-01-18 19:28:03'),
(550, 'ХЭМАБ хуудас', 8, '2021-01-18 19:28:16', '2021-01-18 19:28:16'),
(551, 'ХЭМАБ хуудас', 8, '2021-01-18 19:28:18', '2021-01-18 19:28:18'),
(552, 'ХЭМАБ хуудас', 8, '2021-01-18 19:28:25', '2021-01-18 19:28:25'),
(553, 'ХЭМАБ хуудас', 8, '2021-01-18 19:28:27', '2021-01-18 19:28:27'),
(554, 'ХЭМАБ хуудас', 8, '2021-01-18 19:29:24', '2021-01-18 19:29:24'),
(555, 'ХЭМАБ хуудас', 8, '2021-01-18 19:29:26', '2021-01-18 19:29:26'),
(556, 'ХЭМАБ хуудас', 8, '2021-01-18 19:29:44', '2021-01-18 19:29:44'),
(557, 'ХЭМАБ хуудас', 8, '2021-01-18 19:30:03', '2021-01-18 19:30:03'),
(558, 'ХЭМАБ хуудас', 8, '2021-01-18 19:30:04', '2021-01-18 19:30:04'),
(559, 'ХЭМАБ хуудас', 8, '2021-01-18 19:31:04', '2021-01-18 19:31:04'),
(560, 'ХЭМАБ хуудас', 8, '2021-01-18 19:31:06', '2021-01-18 19:31:06'),
(561, 'ХЭМАБ хуудас', 8, '2021-01-18 19:31:13', '2021-01-18 19:31:13'),
(562, 'ХЭМАБ хуудас', 8, '2021-01-18 19:31:52', '2021-01-18 19:31:52'),
(563, 'ХЭМАБ хуудас', 8, '2021-01-18 19:32:12', '2021-01-18 19:32:12'),
(564, 'ХЭМАБ хуудас', 8, '2021-01-18 19:32:15', '2021-01-18 19:32:15'),
(565, 'ХЭМАБ хуудас', 8, '2021-01-18 19:32:49', '2021-01-18 19:32:49'),
(566, 'ХЭМАБ хуудас', 8, '2021-01-18 19:32:52', '2021-01-18 19:32:52'),
(567, 'ХЭМАБ хуудас', 8, '2021-01-18 19:32:56', '2021-01-18 19:32:56'),
(568, 'ХЭМАБ хуудас', 8, '2021-01-18 19:33:17', '2021-01-18 19:33:17'),
(569, 'ХЭМАБ хуудас', 8, '2021-01-18 19:33:23', '2021-01-18 19:33:23'),
(570, 'МАБУТ хуудас', 8, '2021-01-18 19:33:28', '2021-01-18 19:33:28'),
(571, 'ХЭМАБ хуудас', 8, '2021-01-18 19:33:38', '2021-01-18 19:33:38'),
(572, 'ХЭМАБ хуудас', 8, '2021-01-18 19:33:40', '2021-01-18 19:33:40'),
(573, 'ХЭМАБ хуудас', 8, '2021-01-18 19:33:42', '2021-01-18 19:33:42'),
(574, 'МАБУТ хуудас', 8, '2021-01-18 19:33:49', '2021-01-18 19:33:49'),
(575, 'МАБУТ хуудас', 8, '2021-01-18 19:33:52', '2021-01-18 19:33:52'),
(576, 'ХЭМАБ хуудас', 8, '2021-01-18 19:33:58', '2021-01-18 19:33:58'),
(577, 'ХЭМАБ хуудас', 8, '2021-01-18 19:34:06', '2021-01-18 19:34:06'),
(578, 'МАБУТ хуудас', 8, '2021-01-18 19:36:48', '2021-01-18 19:36:48'),
(579, 'МАБУТ хуудас', 8, '2021-01-18 19:36:53', '2021-01-18 19:36:53'),
(580, 'МАБУТ хуудас', 8, '2021-01-18 19:38:45', '2021-01-18 19:38:45'),
(581, 'МАБУТ хуудас', 8, '2021-01-18 19:39:06', '2021-01-18 19:39:06'),
(582, 'Нүүр хуудас', 4, '2021-01-18 19:39:22', '2021-01-18 19:39:22'),
(583, 'МАБУТ хуудас', 4, '2021-01-18 19:39:25', '2021-01-18 19:39:25'),
(584, 'МАБУТ хуудас', 4, '2021-01-18 19:41:05', '2021-01-18 19:41:05'),
(585, 'МАБУТ хуудас', 4, '2021-01-18 19:41:11', '2021-01-18 19:41:11'),
(586, 'МАБУТ хуудас', 4, '2021-01-18 19:41:14', '2021-01-18 19:41:14'),
(587, 'МАБУТ хуудас', 4, '2021-01-18 19:41:16', '2021-01-18 19:41:16'),
(588, 'ХЭМАБ хуудас', 4, '2021-01-18 19:41:18', '2021-01-18 19:41:18'),
(589, 'ХЭМАБ хуудас', 4, '2021-01-18 19:41:19', '2021-01-18 19:41:19'),
(590, 'ХЭМАБ хуудас', 4, '2021-01-18 19:41:22', '2021-01-18 19:41:22'),
(591, 'ХЭМАБ хуудас', 4, '2021-01-18 19:41:24', '2021-01-18 19:41:24'),
(592, 'ХЭМАБ хуудас', 4, '2021-01-18 19:41:26', '2021-01-18 19:41:26'),
(593, 'ХЭМАБ хуудас', 4, '2021-01-18 19:41:42', '2021-01-18 19:41:42'),
(594, 'ХЭМАБ хуудас', 4, '2021-01-18 19:41:47', '2021-01-18 19:41:47'),
(595, 'ХЭМАБ хуудас', 4, '2021-01-18 19:41:50', '2021-01-18 19:41:50'),
(596, 'ХЭМАБ хуудас', 4, '2021-01-18 19:41:54', '2021-01-18 19:41:54'),
(597, 'ХЭМАБ хуудас', 4, '2021-01-18 19:42:04', '2021-01-18 19:42:04'),
(598, 'Нүүр хуудас', 8, '2021-01-18 19:42:36', '2021-01-18 19:42:36'),
(599, 'МАБУТ хуудас', 8, '2021-01-18 19:42:39', '2021-01-18 19:42:39'),
(600, 'МАБУТ хуудас', 8, '2021-01-18 19:42:43', '2021-01-18 19:42:43'),
(601, 'ХЭМАБ хуудас', 8, '2021-01-18 19:42:45', '2021-01-18 19:42:45'),
(602, 'ХЭМАБ хуудас', 8, '2021-01-18 19:42:47', '2021-01-18 19:42:47'),
(603, 'ХЭМАБ хуудас', 8, '2021-01-18 19:42:51', '2021-01-18 19:42:51'),
(604, 'ХЭМАБ хуудас', 8, '2021-01-18 19:42:53', '2021-01-18 19:42:53'),
(605, 'ХЭМАБ хуудас', 8, '2021-01-18 19:43:26', '2021-01-18 19:43:26'),
(606, 'ХЭМАБ хуудас', 8, '2021-01-18 19:43:28', '2021-01-18 19:43:28'),
(607, 'ХЭМАБ хуудас', 8, '2021-01-18 19:44:40', '2021-01-18 19:44:40'),
(608, 'ХЭМАБ хуудас', 8, '2021-01-18 19:44:52', '2021-01-18 19:44:52'),
(609, 'ХЭМАБ хуудас', 8, '2021-01-18 19:45:12', '2021-01-18 19:45:12'),
(610, 'ХЭМАБ хуудас', 8, '2021-01-18 19:45:20', '2021-01-18 19:45:20'),
(611, 'ХЭМАБ хуудас', 8, '2021-01-18 19:46:05', '2021-01-18 19:46:05'),
(612, 'ХЭМАБ хуудас', 8, '2021-01-18 19:46:41', '2021-01-18 19:46:41'),
(613, 'ХЭМАБ хуудас', 8, '2021-01-18 19:46:51', '2021-01-18 19:46:51'),
(614, 'ХЭМАБ хуудас', 8, '2021-01-18 19:47:01', '2021-01-18 19:47:01'),
(615, 'ХЭМАБ хуудас', 8, '2021-01-18 19:47:14', '2021-01-18 19:47:14'),
(616, 'МАБУТ хуудас', 8, '2021-01-18 19:48:57', '2021-01-18 19:48:57'),
(617, 'МАБУТ хуудас', 8, '2021-01-18 19:48:59', '2021-01-18 19:48:59'),
(618, 'Нүүр хуудас', 8, '2021-01-18 19:49:01', '2021-01-18 19:49:01'),
(619, 'Нүүр хуудас', 4, '2021-01-18 19:49:11', '2021-01-18 19:49:11'),
(620, 'МАБУТ хуудас', 4, '2021-01-18 19:51:38', '2021-01-18 19:51:38'),
(621, 'МАБУТ хуудас', 4, '2021-01-18 19:51:40', '2021-01-18 19:51:40'),
(622, 'Нүүр хуудас', 4, '2021-01-18 19:51:44', '2021-01-18 19:51:44'),
(623, 'МАБУТ хуудас', 4, '2021-01-18 19:52:09', '2021-01-18 19:52:09'),
(624, 'МАБУТ хуудас', 4, '2021-01-18 19:52:10', '2021-01-18 19:52:10'),
(625, 'МАБУТ хуудас', 4, '2021-01-18 19:54:32', '2021-01-18 19:54:32'),
(626, 'ХЭМАБ хуудас', 4, '2021-01-18 19:55:26', '2021-01-18 19:55:26'),
(627, 'Нүүр хуудас', 4, '2021-01-18 19:55:30', '2021-01-18 19:55:30'),
(628, 'МАБУТ хуудас', 4, '2021-01-18 19:57:08', '2021-01-18 19:57:08'),
(629, 'Нүүр хуудас', 4, '2021-01-18 19:57:10', '2021-01-18 19:57:10'),
(630, 'Нүүр хуудас', 4, '2021-01-18 21:49:50', '2021-01-18 21:49:50'),
(631, 'Нүүр хуудас', 4, '2021-01-18 21:50:43', '2021-01-18 21:50:43'),
(632, 'Нүүр хуудас', 4, '2021-01-18 21:51:59', '2021-01-18 21:51:59'),
(633, 'Нүүр хуудас', 4, '2021-01-18 21:52:20', '2021-01-18 21:52:20'),
(634, 'Нүүр хуудас', 4, '2021-01-18 21:52:43', '2021-01-18 21:52:43'),
(635, 'Нүүр хуудас', 4, '2021-01-18 21:53:41', '2021-01-18 21:53:41'),
(636, 'Нүүр хуудас', 4, '2021-01-18 21:55:54', '2021-01-18 21:55:54'),
(637, 'Нүүр хуудас', 4, '2021-01-18 21:56:14', '2021-01-18 21:56:14'),
(638, 'Нүүр хуудас', 4, '2021-01-18 22:32:01', '2021-01-18 22:32:01'),
(639, 'Нүүр хуудас', 4, '2021-01-18 22:40:32', '2021-01-18 22:40:32'),
(640, 'Нүүр хуудас', 4, '2021-01-18 22:41:15', '2021-01-18 22:41:15'),
(641, 'Нүүр хуудас', 8, '2021-01-18 23:02:32', '2021-01-18 23:02:32'),
(642, 'МАБУТ хуудас', 4, '2021-01-19 00:39:09', '2021-01-19 00:39:09'),
(643, 'МАБУТ хуудас', 4, '2021-01-19 00:39:30', '2021-01-19 00:39:30'),
(644, 'ХЭМАБ хуудас', 4, '2021-01-19 00:39:43', '2021-01-19 00:39:43'),
(645, 'Нүүр хуудас', 4, '2021-01-19 00:39:53', '2021-01-19 00:39:53'),
(646, 'МАБУТ хуудас', 4, '2021-01-19 01:28:40', '2021-01-19 01:28:40'),
(647, 'ХЭМАБ хуудас', 4, '2021-01-19 01:28:43', '2021-01-19 01:28:43'),
(648, 'ХЭМАБ хуудас', 4, '2021-01-19 01:28:45', '2021-01-19 01:28:45'),
(649, 'МАБУТ хуудас', 4, '2021-01-19 01:30:03', '2021-01-19 01:30:03'),
(650, 'Нүүр хуудас', 4, '2021-01-19 01:30:04', '2021-01-19 01:30:04'),
(651, 'МАБУТ хуудас', 4, '2021-01-19 02:22:49', '2021-01-19 02:22:49'),
(652, 'МАБУТ хуудас', 4, '2021-01-19 02:23:26', '2021-01-19 02:23:26'),
(653, 'Нүүр хуудас', 4, '2021-01-19 02:23:28', '2021-01-19 02:23:28'),
(654, 'Нүүр хуудас', 8, '2021-01-19 17:23:03', '2021-01-19 17:23:03'),
(655, 'МАБУТ хуудас', 8, '2021-01-19 17:23:11', '2021-01-19 17:23:11'),
(656, 'Нүүр хуудас', 4, '2021-01-20 17:47:06', '2021-01-20 17:47:06'),
(657, 'МАБУТ хуудас', 4, '2021-01-20 19:40:17', '2021-01-20 19:40:17'),
(658, 'МАБУТ хуудас', 4, '2021-01-20 19:40:21', '2021-01-20 19:40:21'),
(659, 'МАБУТ хуудас', 4, '2021-01-20 20:01:27', '2021-01-20 20:01:27'),
(660, 'МАБУТ хуудас', 4, '2021-01-20 20:01:31', '2021-01-20 20:01:31'),
(661, 'МАБУТ хуудас', 4, '2021-01-20 20:01:53', '2021-01-20 20:01:53'),
(662, 'МАБУТ хуудас', 4, '2021-01-20 20:02:14', '2021-01-20 20:02:14'),
(663, 'МАБУТ хуудас', 4, '2021-01-20 20:02:39', '2021-01-20 20:02:39'),
(664, 'Нүүр хуудас', 4, '2021-01-21 00:10:34', '2021-01-21 00:10:34'),
(665, 'Нүүр хуудас', 4, '2021-01-21 17:01:21', '2021-01-21 17:01:21'),
(666, 'Нүүр хуудас', 4, '2021-01-21 20:06:11', '2021-01-21 20:06:11'),
(667, 'МАБУТ хуудас', 4, '2021-01-21 20:06:14', '2021-01-21 20:06:14'),
(668, 'МАБУТ хуудас', 4, '2021-01-21 20:06:21', '2021-01-21 20:06:21'),
(669, 'Нүүр хуудас', 4, '2021-01-24 19:44:46', '2021-01-24 19:44:46'),
(670, 'МАБУТ хуудас', 4, '2021-01-24 19:45:04', '2021-01-24 19:45:04'),
(671, 'МАБУТ хуудас', 4, '2021-01-24 19:45:16', '2021-01-24 19:45:16'),
(672, 'МАБУТ хуудас', 4, '2021-01-24 19:49:04', '2021-01-24 19:49:04'),
(673, 'ХЭМАБ хуудас', 4, '2021-01-24 19:49:31', '2021-01-24 19:49:31'),
(674, 'ХЭМАБ хуудас', 4, '2021-01-24 19:49:33', '2021-01-24 19:49:33'),
(675, 'Нүүр хуудас', 8, '2021-01-24 19:49:48', '2021-01-24 19:49:48'),
(676, 'ХЭМАБ хуудас', 8, '2021-01-24 19:49:51', '2021-01-24 19:49:51'),
(677, 'ХЭМАБ хуудас', 8, '2021-01-24 19:49:53', '2021-01-24 19:49:53'),
(678, 'МАБУТ хуудас', 8, '2021-01-24 19:50:21', '2021-01-24 19:50:21'),
(679, 'МАБУТ хуудас', 8, '2021-01-24 19:50:23', '2021-01-24 19:50:23'),
(680, 'ХЭМАБ хуудас', 8, '2021-01-24 19:50:54', '2021-01-24 19:50:54'),
(681, 'ХЭМАБ хуудас', 8, '2021-01-24 19:50:55', '2021-01-24 19:50:55'),
(682, 'Нүүр хуудас', 8, '2021-01-24 19:51:02', '2021-01-24 19:51:02'),
(683, 'Нүүр хуудас', 8, '2021-01-24 19:56:39', '2021-01-24 19:56:39'),
(684, 'Нүүр хуудас', 8, '2021-01-24 19:58:48', '2021-01-24 19:58:48'),
(685, 'Нүүр хуудас', 8, '2021-01-24 20:02:51', '2021-01-24 20:02:51'),
(686, 'Нүүр хуудас', 8, '2021-01-24 20:03:14', '2021-01-24 20:03:14'),
(687, 'Нүүр хуудас', 8, '2021-01-24 20:03:49', '2021-01-24 20:03:49'),
(688, 'Нүүр хуудас', 8, '2021-01-24 20:04:08', '2021-01-24 20:04:08'),
(689, 'Нүүр хуудас', 8, '2021-01-24 20:04:45', '2021-01-24 20:04:45'),
(690, 'Нүүр хуудас', 8, '2021-01-24 20:06:17', '2021-01-24 20:06:17'),
(691, 'Нүүр хуудас', 8, '2021-01-24 20:06:29', '2021-01-24 20:06:29'),
(692, 'Нүүр хуудас', 8, '2021-01-24 20:07:22', '2021-01-24 20:07:22'),
(693, 'Нүүр хуудас', 8, '2021-01-24 20:07:29', '2021-01-24 20:07:29'),
(694, 'Нүүр хуудас', 8, '2021-01-24 20:07:57', '2021-01-24 20:07:57'),
(695, 'Нүүр хуудас', 8, '2021-01-24 20:08:44', '2021-01-24 20:08:44'),
(696, 'Нүүр хуудас', 8, '2021-01-24 20:08:51', '2021-01-24 20:08:51'),
(697, 'Нүүр хуудас', 8, '2021-01-24 20:09:16', '2021-01-24 20:09:16'),
(698, 'Нүүр хуудас', 8, '2021-01-24 20:09:26', '2021-01-24 20:09:26'),
(699, 'Нүүр хуудас', 8, '2021-01-24 20:09:40', '2021-01-24 20:09:40'),
(700, 'Нүүр хуудас', 8, '2021-01-24 20:10:25', '2021-01-24 20:10:25'),
(701, 'Нүүр хуудас', 8, '2021-01-24 20:10:35', '2021-01-24 20:10:35'),
(702, 'Нүүр хуудас', 8, '2021-01-24 20:10:51', '2021-01-24 20:10:51'),
(703, 'Нүүр хуудас', 8, '2021-01-24 20:11:04', '2021-01-24 20:11:04'),
(704, 'Нүүр хуудас', 8, '2021-01-24 20:11:59', '2021-01-24 20:11:59'),
(705, 'Нүүр хуудас', 8, '2021-01-24 20:12:59', '2021-01-24 20:12:59'),
(706, 'Нүүр хуудас', 8, '2021-01-24 20:13:06', '2021-01-24 20:13:06'),
(707, 'Нүүр хуудас', 8, '2021-01-24 20:13:35', '2021-01-24 20:13:35'),
(708, 'Нүүр хуудас', 8, '2021-01-24 20:13:49', '2021-01-24 20:13:49'),
(709, 'Нүүр хуудас', 8, '2021-01-24 20:14:56', '2021-01-24 20:14:56'),
(710, 'Нүүр хуудас', 8, '2021-01-24 20:15:40', '2021-01-24 20:15:40'),
(711, 'Нүүр хуудас', 8, '2021-01-24 20:16:13', '2021-01-24 20:16:13'),
(712, 'Нүүр хуудас', 8, '2021-01-24 20:16:56', '2021-01-24 20:16:56'),
(713, 'Нүүр хуудас', 8, '2021-01-24 20:17:03', '2021-01-24 20:17:03'),
(714, 'Нүүр хуудас', 8, '2021-01-24 20:17:10', '2021-01-24 20:17:10'),
(715, 'Нүүр хуудас', 8, '2021-01-24 20:17:34', '2021-01-24 20:17:34'),
(716, 'Нүүр хуудас', 8, '2021-01-24 20:17:43', '2021-01-24 20:17:43');
INSERT INTO `log_logins` (`id`, `comment`, `user_id`, `created_at`, `updated_at`) VALUES
(717, 'МАБУТ хуудас', 8, '2021-01-24 20:18:20', '2021-01-24 20:18:20'),
(718, 'Нүүр хуудас', 8, '2021-01-24 20:18:23', '2021-01-24 20:18:23'),
(719, 'Нүүр хуудас', 8, '2021-01-24 20:18:41', '2021-01-24 20:18:41'),
(720, 'Нүүр хуудас', 8, '2021-01-24 20:19:27', '2021-01-24 20:19:27'),
(721, 'Нүүр хуудас', 8, '2021-01-24 20:19:47', '2021-01-24 20:19:47'),
(722, 'Нүүр хуудас', 8, '2021-01-24 20:20:19', '2021-01-24 20:20:19'),
(723, 'МАБУТ хуудас', 8, '2021-01-24 20:44:51', '2021-01-24 20:44:51'),
(724, 'Нүүр хуудас', 8, '2021-01-24 20:44:54', '2021-01-24 20:44:54'),
(725, 'МАБУТ хуудас', 8, '2021-01-24 20:45:00', '2021-01-24 20:45:00'),
(726, 'МАБУТ хуудас', 8, '2021-01-24 20:45:18', '2021-01-24 20:45:18'),
(727, 'МАБУТ хуудас', 8, '2021-01-24 20:45:41', '2021-01-24 20:45:41'),
(728, 'МАБУТ хуудас', 8, '2021-01-24 20:45:56', '2021-01-24 20:45:56'),
(729, 'Нүүр хуудас', 8, '2021-01-24 20:46:15', '2021-01-24 20:46:15'),
(730, 'МАБУТ хуудас', 8, '2021-01-24 20:46:18', '2021-01-24 20:46:18'),
(731, 'Нүүр хуудас', 8, '2021-01-24 20:46:21', '2021-01-24 20:46:21'),
(732, 'Нүүр хуудас', 8, '2021-01-24 20:46:52', '2021-01-24 20:46:52'),
(733, 'Нүүр хуудас', 8, '2021-01-24 20:51:51', '2021-01-24 20:51:51'),
(734, 'Нүүр хуудас', 4, '2021-01-24 20:52:00', '2021-01-24 20:52:00'),
(735, 'Нүүр хуудас', 4, '2021-01-24 20:56:56', '2021-01-24 20:56:56'),
(736, 'Нүүр хуудас', 4, '2021-01-24 20:59:02', '2021-01-24 20:59:02'),
(737, 'Нүүр хуудас', 4, '2021-01-24 21:06:52', '2021-01-24 21:06:52'),
(738, 'Нүүр хуудас', 4, '2021-01-24 21:06:58', '2021-01-24 21:06:58'),
(739, 'Нүүр хуудас', 4, '2021-01-24 21:07:53', '2021-01-24 21:07:53'),
(740, 'Нүүр хуудас', 4, '2021-01-24 21:07:57', '2021-01-24 21:07:57'),
(741, 'Нүүр хуудас', 4, '2021-01-24 21:07:59', '2021-01-24 21:07:59'),
(742, 'Нүүр хуудас', 4, '2021-01-24 21:08:37', '2021-01-24 21:08:37'),
(743, 'Нүүр хуудас', 4, '2021-01-24 21:12:45', '2021-01-24 21:12:45'),
(744, 'Нүүр хуудас', 4, '2021-01-24 21:13:52', '2021-01-24 21:13:52'),
(745, 'МАБУТ хуудас', 4, '2021-01-24 21:13:55', '2021-01-24 21:13:55'),
(746, 'ХЭМАБ хуудас', 4, '2021-01-24 21:13:57', '2021-01-24 21:13:57'),
(747, 'ХЭМАБ хуудас', 4, '2021-01-24 21:13:58', '2021-01-24 21:13:58'),
(748, 'Нүүр хуудас', 4, '2021-01-24 21:14:03', '2021-01-24 21:14:03'),
(749, 'Нүүр хуудас', 4, '2021-01-24 21:37:29', '2021-01-24 21:37:29'),
(750, 'Нүүр хуудас', 4, '2021-01-24 21:39:08', '2021-01-24 21:39:08'),
(751, 'Нүүр хуудас', 4, '2021-01-24 21:40:57', '2021-01-24 21:40:57'),
(752, 'Нүүр хуудас', 4, '2021-01-24 21:50:10', '2021-01-24 21:50:10'),
(753, 'Нүүр хуудас', 4, '2021-01-24 21:52:19', '2021-01-24 21:52:19'),
(754, 'МАБУТ хуудас', 4, '2021-01-24 21:54:02', '2021-01-24 21:54:02'),
(755, 'Нүүр хуудас', 4, '2021-01-24 21:54:06', '2021-01-24 21:54:06'),
(756, 'Нүүр хуудас', 4, '2021-01-24 21:54:08', '2021-01-24 21:54:08'),
(757, 'МАБУТ хуудас', 4, '2021-01-24 21:54:42', '2021-01-24 21:54:42'),
(758, 'МАБУТ хуудас', 4, '2021-01-24 21:54:44', '2021-01-24 21:54:44'),
(759, 'Нүүр хуудас', 4, '2021-01-24 21:54:47', '2021-01-24 21:54:47'),
(760, 'Нүүр хуудас', 4, '2021-01-24 21:57:57', '2021-01-24 21:57:57'),
(761, 'МАБУТ хуудас', 4, '2021-01-24 21:58:11', '2021-01-24 21:58:11'),
(762, 'МАБУТ хуудас', 4, '2021-01-24 21:58:13', '2021-01-24 21:58:13'),
(763, 'Нүүр хуудас', 4, '2021-01-24 21:58:15', '2021-01-24 21:58:15'),
(764, 'Нүүр хуудас', 4, '2021-01-24 21:58:20', '2021-01-24 21:58:20'),
(765, 'Нүүр хуудас', 4, '2021-01-24 21:58:56', '2021-01-24 21:58:56'),
(766, 'Санхүүгийн анхан  шатны баримтууд хуудас', 4, '2021-01-24 21:58:58', '2021-01-24 21:58:58'),
(767, 'Нүүр хуудас', 4, '2021-01-24 21:59:00', '2021-01-24 21:59:00'),
(768, 'МАБУТ хуудас', 4, '2021-01-24 21:59:11', '2021-01-24 21:59:11'),
(769, 'МАБУТ хуудас', 4, '2021-01-24 21:59:15', '2021-01-24 21:59:15'),
(770, 'Нүүр хуудас', 4, '2021-01-24 21:59:17', '2021-01-24 21:59:17'),
(771, 'Нүүр хуудас', 4, '2021-01-25 18:46:15', '2021-01-25 18:46:15'),
(772, 'МАБУТ хуудас', 4, '2021-01-25 19:33:09', '2021-01-25 19:33:09'),
(773, 'Нүүр хуудас', 4, '2021-01-25 19:33:15', '2021-01-25 19:33:15'),
(774, 'Санхүүгийн анхан  шатны баримтууд хуудас', 4, '2021-01-25 19:33:17', '2021-01-25 19:33:17'),
(775, 'Нүүр хуудас', 4, '2021-01-25 19:33:19', '2021-01-25 19:33:19'),
(776, 'Санхүүгийн анхан  шатны баримтууд хуудас', 4, '2021-01-25 19:33:23', '2021-01-25 19:33:23'),
(777, 'Нүүр хуудас', 4, '2021-01-25 19:33:27', '2021-01-25 19:33:27'),
(778, 'Нүүр хуудас', 4, '2021-01-25 19:37:08', '2021-01-25 19:37:08'),
(779, 'Санхүүгийн анхан  шатны баримтууд хуудас', 4, '2021-01-25 19:37:10', '2021-01-25 19:37:10'),
(780, 'Санхүүгийн анхан  шатны баримтууд хуудас', 4, '2021-01-25 19:37:11', '2021-01-25 19:37:11'),
(781, 'Нүүр хуудас', 4, '2021-01-25 19:37:13', '2021-01-25 19:37:13'),
(782, 'МАБУТ хуудас', 4, '2021-01-25 19:37:20', '2021-01-25 19:37:20'),
(783, 'МАБУТ хуудас', 4, '2021-01-25 19:37:21', '2021-01-25 19:37:21'),
(784, 'Нүүр хуудас', 4, '2021-01-25 19:37:26', '2021-01-25 19:37:26'),
(785, 'Нүүр хуудас', 4, '2021-01-25 19:40:49', '2021-01-25 19:40:49'),
(786, 'Компанийн болон брэнд танилцуулга хуудас', 4, '2021-01-25 19:40:50', '2021-01-25 19:40:50'),
(787, 'МАБУТ хуудас', 4, '2021-01-25 19:40:57', '2021-01-25 19:40:57'),
(788, 'МАБУТ хуудас', 4, '2021-01-25 19:40:59', '2021-01-25 19:40:59'),
(789, 'МАБУТ хуудас', 4, '2021-01-25 19:40:59', '2021-01-25 19:40:59'),
(790, 'МАБУТ хуудас', 4, '2021-01-25 19:41:01', '2021-01-25 19:41:01'),
(791, 'ХЭМАБ хуудас', 4, '2021-01-25 19:41:05', '2021-01-25 19:41:05'),
(792, 'МАБУТ хуудас', 4, '2021-01-25 19:41:07', '2021-01-25 19:41:07'),
(793, 'Нүүр хуудас', 4, '2021-01-25 19:43:29', '2021-01-25 19:43:29'),
(794, 'Компанийн болон брэнд танилцуулга хуудас', 4, '2021-01-25 19:43:30', '2021-01-25 19:43:30'),
(795, 'Нүүр хуудас', 4, '2021-01-25 19:45:47', '2021-01-25 19:45:47'),
(796, 'МАБУТ хуудас', 4, '2021-01-25 19:45:54', '2021-01-25 19:45:54'),
(797, 'Нүүр хуудас', 4, '2021-01-25 19:48:43', '2021-01-25 19:48:43'),
(798, 'Санхүүгийн анхан  шатны баримтууд хуудас', 4, '2021-01-25 19:48:44', '2021-01-25 19:48:44'),
(799, 'Нүүр хуудас', 4, '2021-01-25 19:48:45', '2021-01-25 19:48:45'),
(800, 'Компанийн болон брэнд танилцуулга хуудас', 4, '2021-01-25 19:48:46', '2021-01-25 19:48:46'),
(801, 'Нүүр хуудас', 4, '2021-01-25 19:48:49', '2021-01-25 19:48:49'),
(802, 'Компанийн болон брэнд танилцуулга хуудас', 4, '2021-01-25 19:48:50', '2021-01-25 19:48:50'),
(803, 'МАБУТ хуудас', 4, '2021-01-25 19:48:56', '2021-01-25 19:48:56'),
(804, 'Нүүр хуудас', 4, '2021-01-25 19:48:58', '2021-01-25 19:48:58'),
(805, 'Нүүр хуудас', 4, '2021-01-25 19:49:28', '2021-01-25 19:49:28'),
(806, 'Компанийн болон брэнд танилцуулга хуудас', 4, '2021-01-25 19:49:29', '2021-01-25 19:49:29'),
(807, 'Нүүр хуудас', 4, '2021-01-25 19:49:32', '2021-01-25 19:49:32'),
(808, 'Санхүүгийн анхан  шатны баримтууд хуудас', 4, '2021-01-25 19:49:33', '2021-01-25 19:49:33'),
(809, 'Нүүр хуудас', 4, '2021-01-25 19:49:34', '2021-01-25 19:49:34'),
(810, 'Компанийн болон брэнд танилцуулга хуудас', 4, '2021-01-25 19:49:37', '2021-01-25 19:49:37'),
(811, 'Нүүр хуудас', 4, '2021-01-25 19:49:39', '2021-01-25 19:49:39'),
(812, 'Нүүр хуудас', 8, '2021-01-25 19:50:53', '2021-01-25 19:50:53'),
(813, 'МАБУТ хуудас', 8, '2021-01-25 19:53:21', '2021-01-25 19:53:21'),
(814, 'ХЭМАБ хуудас', 8, '2021-01-25 19:53:22', '2021-01-25 19:53:22'),
(815, 'ХЭМАБ хуудас', 8, '2021-01-25 19:53:24', '2021-01-25 19:53:24'),
(816, 'МАБУТ хуудас', 8, '2021-01-25 19:53:26', '2021-01-25 19:53:26'),
(817, 'МАБУТ хуудас', 8, '2021-01-25 19:53:27', '2021-01-25 19:53:27'),
(818, 'ХЭМАБ хуудас', 8, '2021-01-25 19:53:28', '2021-01-25 19:53:28'),
(819, 'ХЭМАБ хуудас', 8, '2021-01-25 19:53:29', '2021-01-25 19:53:29'),
(820, 'ХЭМАБ хуудас', 8, '2021-01-25 19:53:33', '2021-01-25 19:53:33'),
(821, 'ХЭМАБ хуудас', 8, '2021-01-25 19:53:34', '2021-01-25 19:53:34'),
(822, 'ХЭМАБ хуудас', 8, '2021-01-25 19:53:39', '2021-01-25 19:53:39'),
(823, 'ХЭМАБ хуудас', 8, '2021-01-25 19:53:41', '2021-01-25 19:53:41'),
(824, 'МАБУТ хуудас', 8, '2021-01-25 19:53:44', '2021-01-25 19:53:44'),
(825, 'ХЭМАБ хуудас', 8, '2021-01-25 19:53:45', '2021-01-25 19:53:45'),
(826, 'Нүүр хуудас', 8, '2021-01-25 19:55:27', '2021-01-25 19:55:27'),
(827, 'Компанийн болон брэнд танилцуулга хуудас', 8, '2021-01-25 19:55:28', '2021-01-25 19:55:28'),
(828, 'Нүүр хуудас', 8, '2021-01-25 19:55:31', '2021-01-25 19:55:31'),
(829, 'Санхүүгийн анхан  шатны баримтууд хуудас', 8, '2021-01-25 19:55:34', '2021-01-25 19:55:34'),
(830, 'Нүүр хуудас', 4, '2021-01-25 21:02:49', '2021-01-25 21:02:49'),
(831, 'Компанийн болон брэнд танилцуулга хуудас', 4, '2021-01-25 21:02:55', '2021-01-25 21:02:55'),
(832, 'Санхүүгийн анхан  шатны баримтууд хуудас', 4, '2021-01-25 21:02:59', '2021-01-25 21:02:59'),
(833, 'Компанийн болон брэнд танилцуулга хуудас', 4, '2021-01-25 21:03:06', '2021-01-25 21:03:06'),
(834, 'Нүүр хуудас', 4, '2021-01-25 21:03:12', '2021-01-25 21:03:12'),
(835, 'МАБУТ хуудас', 4, '2021-01-25 21:03:14', '2021-01-25 21:03:14'),
(836, 'ХЭМАБ хуудас', 4, '2021-01-25 21:03:15', '2021-01-25 21:03:15'),
(837, 'ХЭМАБ хуудас', 8, '2021-01-25 21:03:29', '2021-01-25 21:03:29'),
(838, 'МАБУТ хуудас', 8, '2021-01-25 21:03:31', '2021-01-25 21:03:31'),
(839, 'Нүүр хуудас', 8, '2021-01-25 21:03:33', '2021-01-25 21:03:33'),
(840, 'МАБУТ хуудас', 8, '2021-01-25 21:03:34', '2021-01-25 21:03:34'),
(841, 'МАБУТ хуудас', 8, '2021-01-25 21:03:34', '2021-01-25 21:03:34'),
(842, 'ХЭМАБ хуудас', 8, '2021-01-25 21:03:41', '2021-01-25 21:03:41'),
(843, 'ХЭМАБ хуудас', 8, '2021-01-25 21:03:42', '2021-01-25 21:03:42'),
(844, 'Нүүр хуудас', 4, '2021-01-25 21:58:08', '2021-01-25 21:58:08'),
(845, 'ХЭМАБ хуудас', 4, '2021-01-25 21:58:16', '2021-01-25 21:58:16'),
(846, 'Нүүр хуудас', 8, '2021-01-25 21:58:26', '2021-01-25 21:58:26'),
(847, 'Компанийн болон брэнд танилцуулга хуудас', 8, '2021-01-25 21:58:30', '2021-01-25 21:58:30'),
(848, 'Нүүр хуудас', 4, '2021-01-25 21:58:50', '2021-01-25 21:58:50'),
(849, 'ХЭМАБ хуудас', 8, '2021-01-25 22:09:35', '2021-01-25 22:09:35'),
(850, 'МАБУТ хуудас', 8, '2021-01-25 22:09:39', '2021-01-25 22:09:39'),
(851, 'ХЭМАБ хуудас', 8, '2021-01-25 22:09:40', '2021-01-25 22:09:40'),
(852, 'ХЭМАБ хуудас', 8, '2021-01-25 22:09:41', '2021-01-25 22:09:41'),
(853, 'МАБУТ хуудас', 8, '2021-01-25 22:09:52', '2021-01-25 22:09:52'),
(854, 'МАБУТ хуудас', 8, '2021-01-25 22:09:53', '2021-01-25 22:09:53'),
(855, 'ХЭМАБ хуудас', 8, '2021-01-25 22:09:55', '2021-01-25 22:09:55'),
(856, 'ХЭМАБ хуудас', 8, '2021-01-25 22:09:56', '2021-01-25 22:09:56'),
(857, 'ХЭМАБ хуудас', 8, '2021-01-25 22:10:48', '2021-01-25 22:10:48'),
(858, 'ХЭМАБ хуудас', 4, '2021-01-25 22:11:09', '2021-01-25 22:11:09'),
(859, 'МАБУТ хуудас', 4, '2021-01-25 22:11:10', '2021-01-25 22:11:10'),
(860, 'МАБУТ хуудас', 4, '2021-01-25 22:11:12', '2021-01-25 22:11:12'),
(861, 'ХЭМАБ хуудас', 4, '2021-01-25 22:11:13', '2021-01-25 22:11:13'),
(862, 'ХЭМАБ хуудас', 4, '2021-01-25 22:11:14', '2021-01-25 22:11:14'),
(863, 'ХЭМАБ хуудас', 4, '2021-01-25 22:11:32', '2021-01-25 22:11:32'),
(864, 'ХЭМАБ хуудас', 8, '2021-01-25 22:11:37', '2021-01-25 22:11:37'),
(865, 'ХЭМАБ хуудас', 8, '2021-01-25 22:12:08', '2021-01-25 22:12:08'),
(866, 'ХЭМАБ хуудас', 8, '2021-01-25 22:12:27', '2021-01-25 22:12:27'),
(867, 'Нүүр хуудас', 8, '2021-01-25 22:12:46', '2021-01-25 22:12:46'),
(868, 'ХЭМАБ хуудас', 8, '2021-01-25 22:12:48', '2021-01-25 22:12:48'),
(869, 'ХЭМАБ хуудас', 8, '2021-01-25 22:13:16', '2021-01-25 22:13:16'),
(870, 'ХЭМАБ хуудас', 8, '2021-01-25 22:15:13', '2021-01-25 22:15:13'),
(871, 'Нүүр хуудас', 4, '2021-01-25 22:15:25', '2021-01-25 22:15:25'),
(872, 'Нүүр хуудас', 24, '2021-01-25 22:17:03', '2021-01-25 22:17:03'),
(873, 'МАБУТ хуудас', 24, '2021-01-25 22:17:06', '2021-01-25 22:17:06'),
(874, 'ХЭМАБ хуудас', 24, '2021-01-25 22:17:08', '2021-01-25 22:17:08'),
(875, 'ХЭМАБ хуудас', 24, '2021-01-25 22:17:10', '2021-01-25 22:17:10'),
(876, 'МАБУТ хуудас', 24, '2021-01-25 22:17:16', '2021-01-25 22:17:16'),
(877, 'МАБУТ хуудас', 24, '2021-01-25 22:17:26', '2021-01-25 22:17:26'),
(878, 'Нүүр хуудас', 24, '2021-01-25 22:17:31', '2021-01-25 22:17:31'),
(879, 'Санхүүгийн анхан  шатны баримтууд хуудас', 24, '2021-01-25 22:17:35', '2021-01-25 22:17:35'),
(880, 'МАБУТ хуудас', 24, '2021-01-25 22:18:01', '2021-01-25 22:18:01'),
(881, 'Нүүр хуудас', 24, '2021-01-25 22:18:03', '2021-01-25 22:18:03'),
(882, 'Компанийн болон брэнд танилцуулга хуудас', 24, '2021-01-25 22:18:04', '2021-01-25 22:18:04'),
(883, 'Нүүр хуудас', 4, '2021-01-25 22:18:23', '2021-01-25 22:18:23'),
(884, 'Компанийн болон брэнд танилцуулга хуудас', 4, '2021-01-25 22:18:38', '2021-01-25 22:18:38'),
(885, 'Нүүр хуудас', 25, '2021-01-25 22:19:33', '2021-01-25 22:19:33'),
(886, 'Компанийн болон брэнд танилцуулга хуудас', 25, '2021-01-25 22:19:37', '2021-01-25 22:19:37'),
(887, 'Нүүр хуудас', 25, '2021-01-25 22:19:40', '2021-01-25 22:19:40'),
(888, 'МАБУТ хуудас', 25, '2021-01-25 22:19:41', '2021-01-25 22:19:41'),
(889, 'ХЭМАБ хуудас', 25, '2021-01-25 22:19:43', '2021-01-25 22:19:43'),
(890, 'МАБУТ хуудас', 25, '2021-01-25 22:19:46', '2021-01-25 22:19:46'),
(891, 'Нүүр хуудас', 25, '2021-01-25 22:19:48', '2021-01-25 22:19:48'),
(892, 'Компанийн болон брэнд танилцуулга хуудас', 25, '2021-01-25 22:19:49', '2021-01-25 22:19:49'),
(893, 'Компанийн болон брэнд танилцуулга хуудас', 25, '2021-01-25 22:20:55', '2021-01-25 22:20:55'),
(894, 'Компанийн болон брэнд танилцуулга хуудас', 25, '2021-01-25 22:21:32', '2021-01-25 22:21:32'),
(895, 'Компанийн болон брэнд танилцуулга хуудас', 25, '2021-01-25 22:21:59', '2021-01-25 22:21:59'),
(896, 'Нүүр хуудас', 4, '2021-01-25 22:22:45', '2021-01-25 22:22:45'),
(897, 'Компанийн болон брэнд танилцуулга хуудас', 25, '2021-01-25 22:25:06', '2021-01-25 22:25:06'),
(898, 'Компанийн болон брэнд танилцуулга хуудас', 25, '2021-01-25 22:25:48', '2021-01-25 22:25:48'),
(899, 'Компанийн болон брэнд танилцуулга хуудас', 25, '2021-01-25 22:28:38', '2021-01-25 22:28:38'),
(900, 'Нүүр хуудас', 25, '2021-01-25 22:29:53', '2021-01-25 22:29:53'),
(901, 'Компанийн болон брэнд танилцуулга хуудас', 25, '2021-01-25 22:29:55', '2021-01-25 22:29:55'),
(902, 'Компанийн болон брэнд танилцуулга хуудас', 25, '2021-01-25 22:31:04', '2021-01-25 22:31:04'),
(903, 'Компанийн болон брэнд танилцуулга хуудас', 25, '2021-01-25 22:41:23', '2021-01-25 22:41:23'),
(904, 'Нүүр хуудас', 25, '2021-01-25 22:41:52', '2021-01-25 22:41:52'),
(905, 'Санхүүгийн анхан  шатны баримтууд хуудас', 25, '2021-01-25 22:41:54', '2021-01-25 22:41:54'),
(906, 'Санхүүгийн анхан  шатны баримтууд хуудас', 25, '2021-01-25 22:41:55', '2021-01-25 22:41:55'),
(907, 'Нүүр хуудас', 25, '2021-01-25 22:41:57', '2021-01-25 22:41:57'),
(908, 'Компанийн болон брэнд танилцуулга хуудас', 25, '2021-01-25 22:41:58', '2021-01-25 22:41:58'),
(909, 'МАБУТ хуудас', 25, '2021-01-25 22:42:26', '2021-01-25 22:42:26'),
(910, 'МАБУТ хуудас', 25, '2021-01-25 22:42:30', '2021-01-25 22:42:30'),
(911, 'МАБУТ хуудас', 25, '2021-01-25 22:42:33', '2021-01-25 22:42:33'),
(912, 'МАБУТ хуудас', 25, '2021-01-25 22:42:34', '2021-01-25 22:42:34'),
(913, 'Нүүр хуудас', 25, '2021-01-25 22:42:35', '2021-01-25 22:42:35'),
(914, 'Санхүүгийн анхан  шатны баримтууд хуудас', 25, '2021-01-25 22:42:37', '2021-01-25 22:42:37'),
(915, 'Нүүр хуудас', 25, '2021-01-25 22:42:39', '2021-01-25 22:42:39'),
(916, 'Компанийн болон брэнд танилцуулга хуудас', 25, '2021-01-25 22:42:40', '2021-01-25 22:42:40'),
(917, 'МАБУТ хуудас', 25, '2021-01-25 22:42:46', '2021-01-25 22:42:46'),
(918, 'ХЭМАБ хуудас', 25, '2021-01-25 22:42:48', '2021-01-25 22:42:48'),
(919, 'ХЭМАБ хуудас', 25, '2021-01-25 22:42:54', '2021-01-25 22:42:54'),
(920, 'Нүүр хуудас', 25, '2021-01-25 22:43:01', '2021-01-25 22:43:01'),
(921, 'Компанийн болон брэнд танилцуулга хуудас', 25, '2021-01-25 22:43:03', '2021-01-25 22:43:03'),
(922, 'МАБУТ хуудас', 25, '2021-01-25 22:43:07', '2021-01-25 22:43:07'),
(923, 'Нүүр хуудас', 25, '2021-01-25 22:43:09', '2021-01-25 22:43:09'),
(924, 'Нүүр хуудас', 24, '2021-01-25 22:43:25', '2021-01-25 22:43:25'),
(925, 'Санхүүгийн анхан  шатны баримтууд хуудас', 24, '2021-01-25 22:44:02', '2021-01-25 22:44:02'),
(926, 'Санхүүгийн анхан  шатны баримтууд хуудас', 24, '2021-01-25 22:46:32', '2021-01-25 22:46:32'),
(927, 'Санхүүгийн анхан  шатны баримтууд хуудас', 24, '2021-01-25 22:47:00', '2021-01-25 22:47:00'),
(928, 'Санхүүгийн анхан  шатны баримтууд хуудас', 24, '2021-01-25 22:47:03', '2021-01-25 22:47:03'),
(929, 'Нүүр хуудас', 24, '2021-01-25 22:47:58', '2021-01-25 22:47:58'),
(930, 'Нүүр хуудас', 24, '2021-01-25 22:48:48', '2021-01-25 22:48:48'),
(931, 'Нүүр хуудас', 24, '2021-01-25 22:58:15', '2021-01-25 22:58:15'),
(932, 'Нүүр хуудас', 4, '2021-01-25 22:58:26', '2021-01-25 22:58:26'),
(933, 'Нүүр хуудас', 4, '2021-01-25 22:58:45', '2021-01-25 22:58:45'),
(934, 'Нүүр хуудас', 4, '2021-01-25 23:12:51', '2021-01-25 23:12:51'),
(935, 'Нүүр хуудас', 4, '2021-01-25 23:13:16', '2021-01-25 23:13:16'),
(936, 'Хурлын өрөөний цаг захиалга хуудас', 4, '2021-01-25 23:13:19', '2021-01-25 23:13:19'),
(937, 'Автомашин цаг захиалга хуудас', 4, '2021-01-25 23:13:23', '2021-01-25 23:13:23'),
(938, 'Нүүр хуудас', 4, '2021-01-25 23:13:25', '2021-01-25 23:13:25'),
(939, 'Нүүр хуудас', 4, '2021-01-25 23:14:02', '2021-01-25 23:14:02'),
(940, 'Автомашин цаг захиалга хуудас', 4, '2021-01-25 23:14:04', '2021-01-25 23:14:04'),
(941, 'Автомашин цаг захиалга хуудас', 4, '2021-01-25 23:14:09', '2021-01-25 23:14:09'),
(942, 'Нүүр хуудас', 4, '2021-01-25 23:14:11', '2021-01-25 23:14:11'),
(943, 'Нүүр хуудас', 4, '2021-01-25 23:16:01', '2021-01-25 23:16:01'),
(944, 'Автомашин цаг захиалга хуудас', 4, '2021-01-25 23:16:10', '2021-01-25 23:16:10'),
(945, 'Автомашин цаг захиалга хуудас', 4, '2021-01-25 23:16:11', '2021-01-25 23:16:11'),
(946, 'Нүүр хуудас', 4, '2021-01-25 23:16:13', '2021-01-25 23:16:13'),
(947, 'Нүүр хуудас', 4, '2021-01-25 23:16:46', '2021-01-25 23:16:46'),
(948, 'Нүүр хуудас', 4, '2021-01-25 23:17:33', '2021-01-25 23:17:33'),
(949, 'Нүүр хуудас', 4, '2021-01-25 23:18:11', '2021-01-25 23:18:11'),
(950, 'Нүүр хуудас', 4, '2021-01-25 23:18:14', '2021-01-25 23:18:14'),
(951, 'Нүүр хуудас', 4, '2021-01-25 23:18:21', '2021-01-25 23:18:21'),
(952, 'Нүүр хуудас', 4, '2021-01-25 23:18:40', '2021-01-25 23:18:40'),
(953, 'Автомашин цаг захиалга хуудас', 4, '2021-01-25 23:18:41', '2021-01-25 23:18:41'),
(954, 'МАБУТ хуудас', 4, '2021-01-25 23:18:43', '2021-01-25 23:18:43'),
(955, 'МАБУТ хуудас', 4, '2021-01-25 23:23:37', '2021-01-25 23:23:37'),
(956, 'МАБУТ хуудас', 4, '2021-01-25 23:23:48', '2021-01-25 23:23:48'),
(957, 'МАБУТ хуудас', 4, '2021-01-25 23:24:24', '2021-01-25 23:24:24'),
(958, 'МАБУТ хуудас', 4, '2021-01-25 23:24:26', '2021-01-25 23:24:26'),
(959, 'МАБУТ хуудас', 4, '2021-01-25 23:24:30', '2021-01-25 23:24:30'),
(960, 'МАБУТ хуудас', 4, '2021-01-25 23:24:31', '2021-01-25 23:24:31'),
(961, 'МАБУТ хуудас', 4, '2021-01-25 23:24:33', '2021-01-25 23:24:33'),
(962, 'МАБУТ хуудас', 4, '2021-01-25 23:24:34', '2021-01-25 23:24:34'),
(963, 'МАБУТ хуудас', 4, '2021-01-25 23:24:36', '2021-01-25 23:24:36'),
(964, 'ХЭМАБ хуудас', 4, '2021-01-25 23:24:37', '2021-01-25 23:24:37'),
(965, 'ХЭМАБ хуудас', 4, '2021-01-25 23:24:38', '2021-01-25 23:24:38'),
(966, 'ХЭМАБ хуудас', 4, '2021-01-25 23:24:40', '2021-01-25 23:24:40'),
(967, 'ХЭМАБ хуудас', 4, '2021-01-25 23:24:41', '2021-01-25 23:24:41'),
(968, 'ХЭМАБ хуудас', 4, '2021-01-25 23:24:44', '2021-01-25 23:24:44'),
(969, 'Нүүр хуудас', 4, '2021-01-25 23:24:47', '2021-01-25 23:24:47'),
(970, 'Санхүүгийн анхан  шатны баримтууд хуудас', 4, '2021-01-25 23:24:49', '2021-01-25 23:24:49'),
(971, 'Санхүүгийн анхан  шатны баримтууд хуудас', 4, '2021-01-25 23:24:53', '2021-01-25 23:24:53'),
(972, 'Нүүр хуудас', 4, '2021-01-25 23:24:55', '2021-01-25 23:24:55'),
(973, 'Компанийн болон брэнд танилцуулга хуудас', 4, '2021-01-25 23:24:57', '2021-01-25 23:24:57'),
(974, 'Нүүр хуудас', 4, '2021-01-25 23:24:59', '2021-01-25 23:24:59'),
(975, 'Нүүр хуудас', 4, '2021-01-25 23:25:02', '2021-01-25 23:25:02'),
(976, 'Автомашин цаг захиалга хуудас', 4, '2021-01-25 23:25:04', '2021-01-25 23:25:04'),
(977, 'Нүүр хуудас', 4, '2021-01-25 23:25:17', '2021-01-25 23:25:17'),
(978, 'Автомашин цаг захиалга хуудас', 4, '2021-01-25 23:25:19', '2021-01-25 23:25:19'),
(979, 'МАБУТ хуудас', 4, '2021-01-25 23:28:11', '2021-01-25 23:28:11'),
(980, 'Нүүр хуудас', 4, '2021-01-25 23:28:29', '2021-01-25 23:28:29'),
(981, 'МАБУТ хуудас', 4, '2021-01-25 23:37:33', '2021-01-25 23:37:33'),
(982, 'МАБУТ хуудас', 4, '2021-01-25 23:37:35', '2021-01-25 23:37:35'),
(983, 'Нүүр хуудас', 4, '2021-01-25 23:37:38', '2021-01-25 23:37:38'),
(984, 'МАБУТ хуудас', 4, '2021-01-25 23:45:25', '2021-01-25 23:45:25'),
(985, 'МАБУТ хуудас', 4, '2021-01-25 23:45:26', '2021-01-25 23:45:26'),
(986, 'Нүүр хуудас', 4, '2021-01-25 23:45:29', '2021-01-25 23:45:29'),
(987, 'Нүүр хуудас', 4, '2021-01-25 23:47:26', '2021-01-25 23:47:26'),
(988, 'Автомашин цаг захиалга хуудас', 4, '2021-01-25 23:47:28', '2021-01-25 23:47:28'),
(989, 'МАБУТ хуудас', 4, '2021-01-25 23:53:13', '2021-01-25 23:53:13'),
(990, 'МАБУТ хуудас', 4, '2021-01-25 23:53:15', '2021-01-25 23:53:15'),
(991, 'ХЭМАБ хуудас', 4, '2021-01-25 23:53:16', '2021-01-25 23:53:16'),
(992, 'ХЭМАБ хуудас', 4, '2021-01-25 23:53:18', '2021-01-25 23:53:18'),
(993, 'Нүүр хуудас', 24, '2021-01-25 23:53:41', '2021-01-25 23:53:41'),
(994, 'МАБУТ хуудас', 24, '2021-01-25 23:53:45', '2021-01-25 23:53:45'),
(995, 'МАБУТ хуудас', 24, '2021-01-25 23:54:38', '2021-01-25 23:54:38'),
(996, 'МАБУТ хуудас', 24, '2021-01-25 23:54:40', '2021-01-25 23:54:40'),
(997, 'Нүүр хуудас', 24, '2021-01-25 23:54:58', '2021-01-25 23:54:58'),
(998, 'Нүүр хуудас', 24, '2021-01-25 23:55:03', '2021-01-25 23:55:03'),
(999, 'Автомашин цаг захиалга хуудас', 24, '2021-01-25 23:55:04', '2021-01-25 23:55:04'),
(1000, 'Нүүр хуудас', 24, '2021-01-26 01:02:38', '2021-01-26 01:02:38'),
(1001, 'Нүүр хуудас', 4, '2021-01-26 18:24:04', '2021-01-26 18:24:04'),
(1002, 'Нүүр хуудас', 4, '2021-01-26 18:24:07', '2021-01-26 18:24:07'),
(1003, 'Нүүр хуудас', 4, '2021-01-26 18:40:55', '2021-01-26 18:40:55'),
(1004, 'Нүүр хуудас', 4, '2021-01-26 18:41:00', '2021-01-26 18:41:00'),
(1005, 'Автомашин цаг захиалга хуудас', 4, '2021-01-26 18:41:02', '2021-01-26 18:41:02'),
(1006, 'Нүүр хуудас', 4, '2021-01-26 18:41:15', '2021-01-26 18:41:15'),
(1007, 'Нүүр хуудас', 4, '2021-01-26 18:41:53', '2021-01-26 18:41:53'),
(1008, 'Нүүр хуудас', 4, '2021-01-26 18:41:55', '2021-01-26 18:41:55'),
(1009, 'Нүүр хуудас', 4, '2021-01-26 18:42:09', '2021-01-26 18:42:09'),
(1010, 'Автомашин цаг захиалга хуудас', 4, '2021-01-26 18:42:10', '2021-01-26 18:42:10'),
(1011, 'Нүүр хуудас', 4, '2021-01-26 18:42:14', '2021-01-26 18:42:14'),
(1012, 'Нүүр хуудас', 26, '2021-01-26 21:12:20', '2021-01-26 21:12:20'),
(1013, 'Санхүүгийн анхан  шатны баримтууд хуудас', 26, '2021-01-26 21:12:25', '2021-01-26 21:12:25'),
(1014, 'Санхүүгийн анхан  шатны баримтууд хуудас', 26, '2021-01-26 21:12:27', '2021-01-26 21:12:27'),
(1015, 'Нүүр хуудас', 26, '2021-01-26 21:12:29', '2021-01-26 21:12:29'),
(1016, 'Автомашин цаг захиалга хуудас', 26, '2021-01-26 21:12:30', '2021-01-26 21:12:30'),
(1017, 'Нүүр хуудас', 26, '2021-01-26 21:12:37', '2021-01-26 21:12:37'),
(1018, 'Нүүр хуудас', 26, '2021-01-26 21:12:43', '2021-01-26 21:12:43'),
(1019, 'Автомашин цаг захиалга хуудас', 26, '2021-01-26 21:12:45', '2021-01-26 21:12:45'),
(1020, 'Нүүр хуудас', 26, '2021-01-26 21:17:03', '2021-01-26 21:17:03'),
(1021, 'Санхүүгийн анхан  шатны баримтууд хуудас', 26, '2021-01-26 21:17:04', '2021-01-26 21:17:04'),
(1022, 'Нүүр хуудас', 26, '2021-01-26 21:17:06', '2021-01-26 21:17:06'),
(1023, 'Нүүр хуудас', 26, '2021-01-26 21:50:04', '2021-01-26 21:50:04'),
(1024, 'Автомашин цаг захиалга хуудас', 26, '2021-01-26 21:50:06', '2021-01-26 21:50:06'),
(1025, 'Нүүр хуудас', 26, '2021-01-26 21:50:44', '2021-01-26 21:50:44'),
(1026, 'Автомашин цаг захиалга хуудас', 26, '2021-01-26 21:50:45', '2021-01-26 21:50:45'),
(1027, 'Нүүр хуудас', 26, '2021-01-26 21:50:49', '2021-01-26 21:50:49'),
(1028, 'Нүүр хуудас', 26, '2021-01-26 21:51:01', '2021-01-26 21:51:01'),
(1029, 'МАБУТ хуудас', 26, '2021-01-26 21:52:04', '2021-01-26 21:52:04'),
(1030, 'ХЭМАБ хуудас', 26, '2021-01-26 21:52:05', '2021-01-26 21:52:05'),
(1031, 'Нүүр хуудас', 26, '2021-01-26 21:52:08', '2021-01-26 21:52:08'),
(1032, 'Нүүр хуудас', 4, '2021-01-26 22:20:39', '2021-01-26 22:20:39'),
(1033, 'Санхүүгийн анхан  шатны баримтууд хуудас', 4, '2021-01-26 22:22:20', '2021-01-26 22:22:20'),
(1034, 'Нүүр хуудас', 4, '2021-01-26 22:22:23', '2021-01-26 22:22:23'),
(1035, 'Компанийн болон брэнд танилцуулга хуудас', 4, '2021-01-26 22:22:39', '2021-01-26 22:22:39'),
(1036, 'Нүүр хуудас', 4, '2021-01-26 22:22:41', '2021-01-26 22:22:41'),
(1037, 'Нүүр хуудас', 4, '2021-01-26 22:22:54', '2021-01-26 22:22:54'),
(1038, 'Нүүр хуудас', 4, '2021-01-26 22:23:39', '2021-01-26 22:23:39'),
(1039, 'Нүүр хуудас', 4, '2021-01-26 22:24:10', '2021-01-26 22:24:10'),
(1040, 'Нүүр хуудас', 4, '2021-01-26 22:24:18', '2021-01-26 22:24:18'),
(1041, 'Нүүр хуудас', 4, '2021-01-26 22:24:27', '2021-01-26 22:24:27'),
(1042, 'Нүүр хуудас', 4, '2021-01-26 22:24:56', '2021-01-26 22:24:56'),
(1043, 'Нүүр хуудас', 4, '2021-01-26 22:25:01', '2021-01-26 22:25:01'),
(1044, 'Нүүр хуудас', 4, '2021-01-26 22:25:07', '2021-01-26 22:25:07'),
(1045, 'Нүүр хуудас', 4, '2021-01-26 22:25:26', '2021-01-26 22:25:26'),
(1046, 'Нүүр хуудас', 4, '2021-01-26 22:25:44', '2021-01-26 22:25:44'),
(1047, 'Нүүр хуудас', 4, '2021-01-26 22:26:11', '2021-01-26 22:26:11'),
(1048, 'Нүүр хуудас', 4, '2021-01-26 22:27:06', '2021-01-26 22:27:06'),
(1049, 'Нүүр хуудас', 4, '2021-01-26 22:27:37', '2021-01-26 22:27:37'),
(1050, 'Санхүүгийн анхан  шатны баримтууд хуудас', 4, '2021-01-26 22:27:45', '2021-01-26 22:27:45'),
(1051, 'Нүүр хуудас', 4, '2021-01-26 22:28:59', '2021-01-26 22:28:59'),
(1052, 'Нүүр хуудас', 4, '2021-01-26 22:29:27', '2021-01-26 22:29:27'),
(1053, 'Нүүр хуудас', 4, '2021-01-26 22:29:36', '2021-01-26 22:29:36'),
(1054, 'Нүүр хуудас', 4, '2021-01-26 22:30:05', '2021-01-26 22:30:05'),
(1055, 'МАБУТ хуудас', 4, '2021-01-26 22:30:17', '2021-01-26 22:30:17'),
(1056, 'ХЭМАБ хуудас', 4, '2021-01-26 22:30:21', '2021-01-26 22:30:21'),
(1057, 'МАБУТ хуудас', 4, '2021-01-26 22:30:24', '2021-01-26 22:30:24'),
(1058, 'Нүүр хуудас', 4, '2021-01-26 22:37:32', '2021-01-26 22:37:32'),
(1059, 'Автомашин цаг захиалга хуудас', 4, '2021-01-26 22:37:44', '2021-01-26 22:37:44'),
(1060, 'Санхүүгийн анхан  шатны баримтууд хуудас', 4, '2021-01-26 22:37:48', '2021-01-26 22:37:48'),
(1061, 'Нүүр хуудас', 4, '2021-01-26 22:38:00', '2021-01-26 22:38:00'),
(1062, 'Нүүр хуудас', 4, '2021-01-26 22:42:01', '2021-01-26 22:42:01'),
(1063, 'МАБУТ хуудас', 4, '2021-01-26 22:42:04', '2021-01-26 22:42:04'),
(1064, 'ХЭМАБ хуудас', 4, '2021-01-26 22:42:06', '2021-01-26 22:42:06'),
(1065, 'ХЭМАБ хуудас', 4, '2021-01-26 22:51:19', '2021-01-26 22:51:19'),
(1066, 'МАБУТ хуудас', 4, '2021-01-26 22:51:21', '2021-01-26 22:51:21'),
(1067, 'Нүүр хуудас', 4, '2021-01-26 22:51:22', '2021-01-26 22:51:22'),
(1068, 'Автомашин цаг захиалга хуудас', 4, '2021-01-26 22:51:24', '2021-01-26 22:51:24'),
(1069, 'МАБУТ хуудас', 4, '2021-01-26 22:51:34', '2021-01-26 22:51:34'),
(1070, 'МАБУТ хуудас', 4, '2021-01-26 22:51:45', '2021-01-26 22:51:45'),
(1071, 'МАБУТ хуудас', 4, '2021-01-26 22:52:07', '2021-01-26 22:52:07'),
(1072, 'МАБУТ хуудас', 4, '2021-01-26 22:52:24', '2021-01-26 22:52:24'),
(1073, 'ХЭМАБ хуудас', 4, '2021-01-26 22:52:28', '2021-01-26 22:52:28'),
(1074, 'Нүүр хуудас', 4, '2021-01-26 22:52:32', '2021-01-26 22:52:32'),
(1075, 'Автомашин цаг захиалга хуудас', 4, '2021-01-26 22:52:34', '2021-01-26 22:52:34'),
(1076, 'Автомашин цаг захиалга хуудас', 4, '2021-01-26 22:52:58', '2021-01-26 22:52:58'),
(1077, 'Автомашин цаг захиалга хуудас', 4, '2021-01-26 22:53:57', '2021-01-26 22:53:57'),
(1078, 'Автомашин цаг захиалга хуудас', 4, '2021-01-26 22:58:42', '2021-01-26 22:58:42'),
(1079, 'Автомашин цаг захиалга хуудас', 4, '2021-01-26 22:58:57', '2021-01-26 22:58:57'),
(1080, 'Автомашин цаг захиалга хуудас', 4, '2021-01-26 22:59:12', '2021-01-26 22:59:12'),
(1081, 'Автомашин цаг захиалга хуудас', 4, '2021-01-26 22:59:27', '2021-01-26 22:59:27'),
(1082, 'Автомашин цаг захиалга хуудас', 4, '2021-01-26 22:59:38', '2021-01-26 22:59:38'),
(1083, 'Автомашин цаг захиалга хуудас', 4, '2021-01-26 22:59:43', '2021-01-26 22:59:43'),
(1084, 'Автомашин цаг захиалга хуудас', 4, '2021-01-26 22:59:51', '2021-01-26 22:59:51'),
(1085, 'МАБУТ хуудас', 4, '2021-01-26 22:59:55', '2021-01-26 22:59:55'),
(1086, 'ХЭМАБ хуудас', 4, '2021-01-26 22:59:58', '2021-01-26 22:59:58'),
(1087, 'Нүүр хуудас', 4, '2021-01-26 22:59:59', '2021-01-26 22:59:59'),
(1088, 'Автомашин цаг захиалга хуудас', 4, '2021-01-26 23:00:01', '2021-01-26 23:00:01'),
(1089, 'Нүүр хуудас', 4, '2021-01-26 23:00:20', '2021-01-26 23:00:20'),
(1090, 'Автомашин цаг захиалга хуудас', 4, '2021-01-26 23:08:31', '2021-01-26 23:08:31'),
(1091, 'Нүүр хуудас', 4, '2021-01-26 23:08:50', '2021-01-26 23:08:50'),
(1092, 'Нүүр хуудас', 4, '2021-01-26 23:10:52', '2021-01-26 23:10:52'),
(1093, 'Нүүр хуудас', 4, '2021-01-26 23:13:31', '2021-01-26 23:13:31'),
(1094, 'Нүүр хуудас', 4, '2021-01-26 23:15:29', '2021-01-26 23:15:29'),
(1095, 'Нүүр хуудас', 4, '2021-01-26 23:15:43', '2021-01-26 23:15:43'),
(1096, 'Нүүр хуудас', 4, '2021-01-26 23:16:37', '2021-01-26 23:16:37'),
(1097, 'Нүүр хуудас', 4, '2021-01-26 23:18:00', '2021-01-26 23:18:00'),
(1098, 'Нүүр хуудас', 4, '2021-01-26 23:18:13', '2021-01-26 23:18:13'),
(1099, 'Нүүр хуудас', 4, '2021-01-26 23:18:26', '2021-01-26 23:18:26'),
(1100, 'Нүүр хуудас', 4, '2021-01-26 23:18:49', '2021-01-26 23:18:49'),
(1101, 'Нүүр хуудас', 4, '2021-01-26 23:19:35', '2021-01-26 23:19:35'),
(1102, 'Нүүр хуудас', 4, '2021-01-26 23:19:40', '2021-01-26 23:19:40'),
(1103, 'Нүүр хуудас', 4, '2021-01-26 23:21:01', '2021-01-26 23:21:01'),
(1104, 'Нүүр хуудас', 4, '2021-01-26 23:21:18', '2021-01-26 23:21:18'),
(1105, 'Нүүр хуудас', 4, '2021-01-26 23:21:24', '2021-01-26 23:21:24'),
(1106, 'Нүүр хуудас', 4, '2021-01-26 23:21:56', '2021-01-26 23:21:56'),
(1107, 'Нүүр хуудас', 4, '2021-01-26 23:22:05', '2021-01-26 23:22:05'),
(1108, 'Нүүр хуудас', 4, '2021-01-26 23:24:03', '2021-01-26 23:24:03'),
(1109, 'Нүүр хуудас', 4, '2021-01-26 23:24:12', '2021-01-26 23:24:12'),
(1110, 'Нүүр хуудас', 4, '2021-01-26 23:24:19', '2021-01-26 23:24:19'),
(1111, 'Нүүр хуудас', 4, '2021-01-26 23:24:28', '2021-01-26 23:24:28'),
(1112, 'Нүүр хуудас', 4, '2021-01-26 23:26:14', '2021-01-26 23:26:14'),
(1113, 'Нүүр хуудас', 4, '2021-01-26 23:26:30', '2021-01-26 23:26:30'),
(1114, 'Санхүүгийн анхан  шатны баримтууд хуудас', 4, '2021-01-26 23:27:07', '2021-01-26 23:27:07'),
(1115, 'Санхүүгийн анхан  шатны баримтууд хуудас', 4, '2021-01-26 23:27:09', '2021-01-26 23:27:09'),
(1116, 'Нүүр хуудас', 4, '2021-01-26 23:27:11', '2021-01-26 23:27:11'),
(1117, 'Компанийн болон брэнд танилцуулга хуудас', 4, '2021-01-26 23:27:12', '2021-01-26 23:27:12'),
(1118, 'Нүүр хуудас', 4, '2021-01-26 23:27:14', '2021-01-26 23:27:14'),
(1119, 'МАБУТ хуудас', 4, '2021-01-26 23:29:18', '2021-01-26 23:29:18'),
(1120, 'ХЭМАБ хуудас', 4, '2021-01-26 23:29:20', '2021-01-26 23:29:20'),
(1121, 'Нүүр хуудас', 4, '2021-01-26 23:29:36', '2021-01-26 23:29:36'),
(1122, 'Нүүр хуудас', 4, '2021-01-26 23:31:45', '2021-01-26 23:31:45'),
(1123, 'Нүүр хуудас', 4, '2021-01-26 23:32:02', '2021-01-26 23:32:02'),
(1124, 'Нүүр хуудас', 4, '2021-01-26 23:47:01', '2021-01-26 23:47:01'),
(1125, 'Автомашин цаг захиалга хуудас', 4, '2021-01-26 23:47:13', '2021-01-26 23:47:13'),
(1126, 'Нүүр хуудас', 4, '2021-01-26 23:47:23', '2021-01-26 23:47:23'),
(1127, 'Нүүр хуудас', 4, '2021-01-31 17:52:45', '2021-01-31 17:52:45'),
(1128, 'Нүүр хуудас', 4, '2021-01-31 17:53:21', '2021-01-31 17:53:21'),
(1129, 'МАБУТ хуудас', 4, '2021-01-31 18:07:39', '2021-01-31 18:07:39'),
(1130, 'Нүүр хуудас', 24, '2021-01-31 18:08:59', '2021-01-31 18:08:59'),
(1131, 'МАБУТ хуудас', 24, '2021-01-31 18:09:01', '2021-01-31 18:09:01'),
(1132, 'МАБУТ хуудас', 24, '2021-01-31 18:22:10', '2021-01-31 18:22:10'),
(1133, 'МАБУТ хуудас', 24, '2021-01-31 18:24:31', '2021-01-31 18:24:31'),
(1134, 'МАБУТ хуудас', 24, '2021-01-31 18:24:32', '2021-01-31 18:24:32'),
(1135, 'Нүүр хуудас', 24, '2021-01-31 18:40:20', '2021-01-31 18:40:20'),
(1136, 'Нүүр хуудас', 24, '2021-01-31 18:41:47', '2021-01-31 18:41:47'),
(1137, 'Автомашин цаг захиалга хуудас', 24, '2021-01-31 18:41:48', '2021-01-31 18:41:48'),
(1138, 'Нүүр хуудас', 24, '2021-01-31 18:43:01', '2021-01-31 18:43:01'),
(1139, 'Санхүүгийн анхан  шатны баримтууд хуудас', 24, '2021-01-31 18:43:05', '2021-01-31 18:43:05'),
(1140, 'Компанийн болон брэнд танилцуулга хуудас', 24, '2021-01-31 18:43:12', '2021-01-31 18:43:12'),
(1141, 'Нүүр хуудас', 24, '2021-01-31 18:53:20', '2021-01-31 18:53:20'),
(1142, 'МАБУТ хуудас', 24, '2021-01-31 18:53:21', '2021-01-31 18:53:21'),
(1143, 'МАБУТ хуудас', 24, '2021-01-31 18:53:23', '2021-01-31 18:53:23'),
(1144, 'Нүүр хуудас', 24, '2021-01-31 18:53:25', '2021-01-31 18:53:25'),
(1145, 'МАБУТ хуудас', 24, '2021-01-31 18:55:33', '2021-01-31 18:55:33'),
(1146, 'Нүүр хуудас', 24, '2021-01-31 18:55:34', '2021-01-31 18:55:34'),
(1147, 'Нүүр хуудас', 4, '2021-02-02 00:15:22', '2021-02-02 00:15:22'),
(1148, 'Санхүүгийн анхан  шатны баримтууд хуудас', 4, '2021-02-02 00:15:37', '2021-02-02 00:15:37'),
(1149, 'Санхүүгийн анхан  шатны баримтууд хуудас', 4, '2021-02-02 00:15:51', '2021-02-02 00:15:51'),
(1150, 'Нүүр хуудас', 4, '2021-02-02 00:16:05', '2021-02-02 00:16:05'),
(1151, 'Компанийн болон брэнд танилцуулга хуудас', 4, '2021-02-02 00:16:08', '2021-02-02 00:16:08'),
(1152, 'Нүүр хуудас', 4, '2021-02-02 00:16:15', '2021-02-02 00:16:15'),
(1153, 'Нүүр хуудас', 4, '2021-02-02 00:18:15', '2021-02-02 00:18:15'),
(1154, 'Автомашин цаг захиалга хуудас', 4, '2021-02-02 00:18:19', '2021-02-02 00:18:19'),
(1155, 'МАБУТ хуудас', 4, '2021-02-02 00:22:18', '2021-02-02 00:22:18'),
(1156, 'ХЭМАБ хуудас', 4, '2021-02-02 00:22:25', '2021-02-02 00:22:25'),
(1157, 'ХЭМАБ хуудас', 4, '2021-02-02 00:22:55', '2021-02-02 00:22:55'),
(1158, 'Нүүр хуудас', 4, '2021-02-02 00:23:00', '2021-02-02 00:23:00'),
(1159, 'ХЭМАБ хуудас', 4, '2021-02-02 00:23:07', '2021-02-02 00:23:07'),
(1160, 'ХЭМАБ хуудас', 4, '2021-02-02 00:23:19', '2021-02-02 00:23:19'),
(1161, 'ХЭМАБ хуудас', 4, '2021-02-02 00:23:25', '2021-02-02 00:23:25'),
(1162, 'ХЭМАБ хуудас', 4, '2021-02-02 00:23:46', '2021-02-02 00:23:46'),
(1163, 'Нүүр хуудас', 4, '2021-02-02 00:28:20', '2021-02-02 00:28:20'),
(1164, 'МАБУТ хуудас', 4, '2021-02-02 00:29:52', '2021-02-02 00:29:52'),
(1165, 'Нүүр хуудас', 4, '2021-02-02 00:29:57', '2021-02-02 00:29:57'),
(1166, 'Нүүр хуудас', 4, '2021-02-03 00:26:56', '2021-02-03 00:26:56'),
(1167, 'Нүүр хуудас', 4, '2021-02-03 00:28:45', '2021-02-03 00:28:45'),
(1168, 'Нүүр хуудас', 4, '2021-02-03 00:28:48', '2021-02-03 00:28:48'),
(1169, 'Нүүр хуудас', 4, '2021-02-03 00:29:07', '2021-02-03 00:29:07'),
(1170, 'Нүүр хуудас', 4, '2021-02-03 00:29:18', '2021-02-03 00:29:18'),
(1171, 'Нүүр хуудас', 4, '2021-02-03 00:29:28', '2021-02-03 00:29:28'),
(1172, 'Нүүр хуудас', 4, '2021-02-03 00:29:36', '2021-02-03 00:29:36'),
(1173, 'Нүүр хуудас', 4, '2021-02-03 00:29:41', '2021-02-03 00:29:41'),
(1174, 'Нүүр хуудас', 4, '2021-02-03 01:27:53', '2021-02-03 01:27:53'),
(1175, 'Нүүр хуудас', 4, '2021-02-03 01:28:40', '2021-02-03 01:28:40'),
(1176, 'Нүүр хуудас', 4, '2021-02-03 01:29:04', '2021-02-03 01:29:04'),
(1177, 'Нүүр хуудас', 4, '2021-02-03 01:29:21', '2021-02-03 01:29:21'),
(1178, 'Нүүр хуудас', 4, '2021-02-03 01:29:28', '2021-02-03 01:29:28'),
(1179, 'Нүүр хуудас', 4, '2021-02-03 01:29:46', '2021-02-03 01:29:46'),
(1180, 'Нүүр хуудас', 4, '2021-02-03 01:30:02', '2021-02-03 01:30:02'),
(1181, 'Нүүр хуудас', 4, '2021-02-03 01:30:09', '2021-02-03 01:30:09'),
(1182, 'Нүүр хуудас', 4, '2021-02-03 01:30:34', '2021-02-03 01:30:34'),
(1183, 'Нүүр хуудас', 4, '2021-02-03 01:30:50', '2021-02-03 01:30:50'),
(1184, 'Нүүр хуудас', 4, '2021-02-03 01:31:08', '2021-02-03 01:31:08'),
(1185, 'Нүүр хуудас', 4, '2021-02-03 01:31:47', '2021-02-03 01:31:47'),
(1186, 'Нүүр хуудас', 4, '2021-02-03 01:31:57', '2021-02-03 01:31:57'),
(1187, 'Нүүр хуудас', 4, '2021-02-03 01:32:02', '2021-02-03 01:32:02'),
(1188, 'Нүүр хуудас', 4, '2021-02-03 01:32:51', '2021-02-03 01:32:51'),
(1189, 'Нүүр хуудас', 4, '2021-02-03 01:37:44', '2021-02-03 01:37:44'),
(1190, 'Нүүр хуудас', 4, '2021-02-03 01:37:59', '2021-02-03 01:37:59'),
(1191, 'Нүүр хуудас', 4, '2021-02-03 01:39:23', '2021-02-03 01:39:23'),
(1192, 'Нүүр хуудас', 4, '2021-02-03 01:39:36', '2021-02-03 01:39:36'),
(1193, 'Нүүр хуудас', 4, '2021-02-03 01:40:05', '2021-02-03 01:40:05'),
(1194, 'Санхүүгийн анхан  шатны баримтууд хуудас', 4, '2021-02-03 01:40:07', '2021-02-03 01:40:07'),
(1195, 'Санхүүгийн анхан  шатны баримтууд хуудас', 4, '2021-02-03 01:40:09', '2021-02-03 01:40:09'),
(1196, 'Нүүр хуудас', 4, '2021-02-03 01:40:14', '2021-02-03 01:40:14'),
(1197, 'Компанийн болон брэнд танилцуулга хуудас', 4, '2021-02-03 01:40:16', '2021-02-03 01:40:16'),
(1198, 'Нүүр хуудас', 4, '2021-02-03 01:40:19', '2021-02-03 01:40:19'),
(1199, 'Нүүр хуудас', 4, '2021-02-03 02:01:27', '2021-02-03 02:01:27'),
(1200, 'Нүүр хуудас', 4, '2021-02-03 02:03:43', '2021-02-03 02:03:43'),
(1201, 'МАБУТ хуудас', 4, '2021-02-03 02:05:27', '2021-02-03 02:05:27'),
(1202, 'Нүүр хуудас', 4, '2021-02-03 02:05:32', '2021-02-03 02:05:32'),
(1203, 'Автомашин цаг захиалга хуудас', 4, '2021-02-03 02:05:34', '2021-02-03 02:05:34'),
(1204, 'Нүүр хуудас', 4, '2021-02-03 23:58:13', '2021-02-03 23:58:13'),
(1205, 'ХЭМАБ хуудас', 4, '2021-02-03 23:58:35', '2021-02-03 23:58:35'),
(1206, 'Нүүр хуудас', 4, '2021-02-03 23:58:42', '2021-02-03 23:58:42'),
(1207, 'Санхүүгийн анхан  шатны баримтууд хуудас', 4, '2021-02-03 23:58:45', '2021-02-03 23:58:45'),
(1208, 'ХЭМАБ хуудас', 4, '2021-02-03 23:58:47', '2021-02-03 23:58:47'),
(1209, 'ХЭМАБ хуудас', 4, '2021-02-03 23:59:52', '2021-02-03 23:59:52'),
(1210, 'ХЭМАБ хуудас', 4, '2021-02-03 23:59:59', '2021-02-03 23:59:59'),
(1211, 'ХЭМАБ хуудас', 4, '2021-02-04 00:00:23', '2021-02-04 00:00:23'),
(1212, 'ХЭМАБ хуудас', 4, '2021-02-04 00:01:02', '2021-02-04 00:01:02'),
(1213, 'ХЭМАБ хуудас', 4, '2021-02-04 00:01:11', '2021-02-04 00:01:11'),
(1214, 'ХЭМАБ хуудас', 4, '2021-02-04 00:01:23', '2021-02-04 00:01:23'),
(1215, 'ХЭМАБ хуудас', 4, '2021-02-04 00:01:27', '2021-02-04 00:01:27'),
(1216, 'ХЭМАБ хуудас', 4, '2021-02-04 00:01:54', '2021-02-04 00:01:54'),
(1217, 'Нүүр хуудас', 4, '2021-02-04 00:02:11', '2021-02-04 00:02:11'),
(1218, 'Нүүр хуудас', 4, '2021-02-04 00:03:38', '2021-02-04 00:03:38'),
(1219, 'МАБУТ хуудас', 4, '2021-02-04 00:03:45', '2021-02-04 00:03:45'),
(1220, 'Нүүр хуудас', 4, '2021-02-04 00:03:48', '2021-02-04 00:03:48'),
(1221, 'МАБУТ хуудас', 4, '2021-02-04 00:04:10', '2021-02-04 00:04:10'),
(1222, 'МАБУТ хуудас', 4, '2021-02-04 00:04:12', '2021-02-04 00:04:12'),
(1223, 'МАБУТ хуудас', 4, '2021-02-04 00:05:37', '2021-02-04 00:05:37'),
(1224, 'МАБУТ хуудас', 4, '2021-02-04 00:05:47', '2021-02-04 00:05:47'),
(1225, 'МАБУТ хуудас', 4, '2021-02-04 00:06:08', '2021-02-04 00:06:08'),
(1226, 'МАБУТ хуудас', 4, '2021-02-04 00:06:46', '2021-02-04 00:06:46'),
(1227, 'МАБУТ хуудас', 4, '2021-02-04 00:07:02', '2021-02-04 00:07:02'),
(1228, 'МАБУТ хуудас', 4, '2021-02-04 00:08:28', '2021-02-04 00:08:28'),
(1229, 'МАБУТ хуудас', 4, '2021-02-04 00:08:58', '2021-02-04 00:08:58'),
(1230, 'МАБУТ хуудас', 4, '2021-02-04 00:09:06', '2021-02-04 00:09:06'),
(1231, 'МАБУТ хуудас', 4, '2021-02-04 00:09:29', '2021-02-04 00:09:29'),
(1232, 'МАБУТ хуудас', 4, '2021-02-04 00:09:35', '2021-02-04 00:09:35'),
(1233, 'МАБУТ хуудас', 4, '2021-02-04 00:10:15', '2021-02-04 00:10:15'),
(1234, 'Нүүр хуудас', 4, '2021-02-04 00:10:19', '2021-02-04 00:10:19'),
(1235, 'Нүүр хуудас', 4, '2021-02-04 00:10:33', '2021-02-04 00:10:33'),
(1236, 'МАБУТ хуудас', 4, '2021-02-04 00:10:39', '2021-02-04 00:10:39'),
(1237, 'МАБУТ хуудас', 4, '2021-02-04 00:11:05', '2021-02-04 00:11:05'),
(1238, 'МАБУТ хуудас', 4, '2021-02-04 00:11:33', '2021-02-04 00:11:33'),
(1239, 'МАБУТ хуудас', 4, '2021-02-04 00:11:43', '2021-02-04 00:11:43'),
(1240, 'МАБУТ хуудас', 4, '2021-02-04 00:12:45', '2021-02-04 00:12:45'),
(1241, 'МАБУТ хуудас', 4, '2021-02-04 00:12:52', '2021-02-04 00:12:52'),
(1242, 'Нүүр хуудас', 4, '2021-02-04 01:20:11', '2021-02-04 01:20:11'),
(1243, 'Санхүүгийн анхан  шатны баримтууд хуудас', 4, '2021-02-04 01:23:24', '2021-02-04 01:23:24'),
(1244, 'Санхүүгийн анхан  шатны баримтууд хуудас', 4, '2021-02-04 01:23:26', '2021-02-04 01:23:26'),
(1245, 'Санхүүгийн анхан  шатны баримтууд хуудас', 4, '2021-02-04 01:23:41', '2021-02-04 01:23:41'),
(1246, 'МАБУТ хуудас', 4, '2021-02-04 01:23:59', '2021-02-04 01:23:59'),
(1247, 'МАБУТ хуудас', 4, '2021-02-04 01:24:00', '2021-02-04 01:24:00'),
(1248, 'МАБУТ хуудас', 4, '2021-02-04 01:24:06', '2021-02-04 01:24:06'),
(1249, 'МАБУТ хуудас', 4, '2021-02-04 01:24:07', '2021-02-04 01:24:07'),
(1250, 'МАБУТ хуудас', 4, '2021-02-04 01:24:29', '2021-02-04 01:24:29'),
(1251, 'МАБУТ хуудас', 4, '2021-02-04 01:24:39', '2021-02-04 01:24:39'),
(1252, 'МАБУТ хуудас', 4, '2021-02-04 01:24:46', '2021-02-04 01:24:46'),
(1253, 'Нүүр хуудас', 4, '2021-02-04 01:25:24', '2021-02-04 01:25:24'),
(1254, 'МАБУТ хуудас', 4, '2021-02-04 01:25:30', '2021-02-04 01:25:30'),
(1255, 'МАБУТ хуудас', 4, '2021-02-04 01:25:54', '2021-02-04 01:25:54'),
(1256, 'МАБУТ хуудас', 4, '2021-02-04 01:26:01', '2021-02-04 01:26:01'),
(1257, 'МАБУТ хуудас', 4, '2021-02-04 01:26:01', '2021-02-04 01:26:01'),
(1258, 'МАБУТ хуудас', 4, '2021-02-04 01:26:41', '2021-02-04 01:26:41'),
(1259, 'МАБУТ хуудас', 4, '2021-02-04 01:26:48', '2021-02-04 01:26:48'),
(1260, 'МАБУТ хуудас', 4, '2021-02-04 01:27:14', '2021-02-04 01:27:14'),
(1261, 'ХЭМАБ хуудас', 4, '2021-02-04 01:27:18', '2021-02-04 01:27:18'),
(1262, 'ХЭМАБ хуудас', 4, '2021-02-04 01:27:29', '2021-02-04 01:27:29'),
(1263, 'ХЭМАБ хуудас', 4, '2021-02-04 01:28:13', '2021-02-04 01:28:13'),
(1264, 'ХЭМАБ хуудас', 4, '2021-02-04 01:28:20', '2021-02-04 01:28:20'),
(1265, 'ХЭМАБ хуудас', 4, '2021-02-04 01:28:23', '2021-02-04 01:28:23'),
(1266, 'ХЭМАБ хуудас', 4, '2021-02-04 01:28:36', '2021-02-04 01:28:36'),
(1267, 'ХЭМАБ хуудас', 4, '2021-02-04 01:28:45', '2021-02-04 01:28:45'),
(1268, 'ХЭМАБ хуудас', 4, '2021-02-04 01:29:00', '2021-02-04 01:29:00'),
(1269, 'ХЭМАБ хуудас', 4, '2021-02-04 01:29:18', '2021-02-04 01:29:18'),
(1270, 'ХЭМАБ хуудас', 4, '2021-02-04 01:31:04', '2021-02-04 01:31:04'),
(1271, 'ХЭМАБ хуудас', 4, '2021-02-04 01:31:26', '2021-02-04 01:31:26'),
(1272, 'ХЭМАБ хуудас', 4, '2021-02-04 01:32:02', '2021-02-04 01:32:02'),
(1273, 'ХЭМАБ хуудас', 4, '2021-02-04 01:33:13', '2021-02-04 01:33:13'),
(1274, 'ХЭМАБ хуудас', 4, '2021-02-04 01:33:48', '2021-02-04 01:33:48'),
(1275, 'ХЭМАБ хуудас', 4, '2021-02-04 01:34:23', '2021-02-04 01:34:23'),
(1276, 'МАБУТ хуудас', 4, '2021-02-04 01:35:04', '2021-02-04 01:35:04'),
(1277, 'МАБУТ хуудас', 4, '2021-02-04 01:35:05', '2021-02-04 01:35:05'),
(1278, 'МАБУТ хуудас', 4, '2021-02-04 01:36:27', '2021-02-04 01:36:27'),
(1279, 'Нүүр хуудас', 4, '2021-02-04 01:36:29', '2021-02-04 01:36:29'),
(1280, 'Нүүр хуудас', 4, '2021-02-04 01:37:10', '2021-02-04 01:37:10'),
(1281, 'Нүүр хуудас', 4, '2021-02-04 01:37:29', '2021-02-04 01:37:29'),
(1282, 'Нүүр хуудас', 4, '2021-02-04 01:37:50', '2021-02-04 01:37:50'),
(1283, 'Нүүр хуудас', 4, '2021-02-04 01:39:07', '2021-02-04 01:39:07'),
(1284, 'Компанийн болон брэнд танилцуулга хуудас', 4, '2021-02-04 01:39:09', '2021-02-04 01:39:09'),
(1285, 'Нүүр хуудас', 4, '2021-02-04 01:39:11', '2021-02-04 01:39:11'),
(1286, 'Санхүүгийн анхан  шатны баримтууд хуудас', 4, '2021-02-04 01:39:13', '2021-02-04 01:39:13'),
(1287, 'Нүүр хуудас', 4, '2021-02-04 01:39:15', '2021-02-04 01:39:15'),
(1288, 'ХЭМАБ хуудас', 4, '2021-02-04 01:39:19', '2021-02-04 01:39:19'),
(1289, 'ХЭМАБ хуудас', 4, '2021-02-04 01:39:21', '2021-02-04 01:39:21'),
(1290, 'МАБУТ хуудас', 4, '2021-02-04 01:39:23', '2021-02-04 01:39:23'),
(1291, 'Нүүр хуудас', 24, '2021-02-04 01:39:34', '2021-02-04 01:39:34'),
(1292, 'МАБУТ хуудас', 24, '2021-02-04 01:39:36', '2021-02-04 01:39:36'),
(1293, 'МАБУТ хуудас', 24, '2021-02-04 01:39:38', '2021-02-04 01:39:38'),
(1294, 'Нүүр хуудас', 24, '2021-02-04 01:41:11', '2021-02-04 01:41:11'),
(1295, 'Нүүр хуудас', 24, '2021-02-04 01:41:30', '2021-02-04 01:41:30'),
(1296, 'Нүүр хуудас', 24, '2021-02-04 01:41:56', '2021-02-04 01:41:56'),
(1297, 'Нүүр хуудас', 24, '2021-02-04 01:42:00', '2021-02-04 01:42:00'),
(1298, 'Нүүр хуудас', 24, '2021-02-04 01:42:48', '2021-02-04 01:42:48'),
(1299, 'Нүүр хуудас', 24, '2021-02-04 01:43:10', '2021-02-04 01:43:10'),
(1300, 'Нүүр хуудас', 24, '2021-02-04 01:43:28', '2021-02-04 01:43:28'),
(1301, 'Нүүр хуудас', 24, '2021-02-04 01:43:49', '2021-02-04 01:43:49'),
(1302, 'Нүүр хуудас', 24, '2021-02-04 01:44:24', '2021-02-04 01:44:24'),
(1303, 'Нүүр хуудас', 24, '2021-02-04 01:44:48', '2021-02-04 01:44:48'),
(1304, 'Нүүр хуудас', 24, '2021-02-04 01:45:07', '2021-02-04 01:45:07'),
(1305, 'Нүүр хуудас', 24, '2021-02-04 01:50:42', '2021-02-04 01:50:42'),
(1306, 'Нүүр хуудас', 24, '2021-02-04 01:50:59', '2021-02-04 01:50:59'),
(1307, 'Нүүр хуудас', 24, '2021-02-04 01:51:29', '2021-02-04 01:51:29'),
(1308, 'Нүүр хуудас', 24, '2021-02-04 01:52:03', '2021-02-04 01:52:03');

-- --------------------------------------------------------

--
-- Table structure for table `migrations`
--

DROP TABLE IF EXISTS `migrations`;
CREATE TABLE IF NOT EXISTS `migrations` (
  `id` int(10) UNSIGNED NOT NULL AUTO_INCREMENT,
  `migration` varchar(255) NOT NULL,
  `batch` int(11) NOT NULL,
  PRIMARY KEY (`id`)
) ENGINE=MyISAM AUTO_INCREMENT=50 DEFAULT CHARSET=utf8;

--
-- Dumping data for table `migrations`
--

INSERT INTO `migrations` (`id`, `migration`, `batch`) VALUES
(22, '2014_10_12_000000_create_users_table', 1),
(23, '2014_10_12_100000_create_password_resets_table', 1),
(24, '2019_10_31_005105_create_roles_table', 1),
(25, '2019_10_31_005310_create_departments_table', 1),
(26, '2019_10_31_005404_create_jobs_table', 1),
(27, '2019_10_31_005439_create_levels_table', 1),
(28, '2019_10_31_010536_add_cols_users_table', 1),
(29, '2020_11_26_202711_create_categories_table', 1),
(30, '2020_11_26_203339_create_sub_categories_table', 1),
(31, '2020_11_26_233018_add_nickname_col_table', 1),
(32, '2020_12_01_002118_create_acts_table', 1),
(33, '2020_12_01_011655_add_foreignkey_table', 1),
(34, '2020_12_07_081336_create_documents_table', 1),
(35, '2020_12_07_082346_create_documents_levels_table', 1),
(36, '2020_12_11_065639_create_log_logins_table', 1),
(37, '2020_12_11_065724_create_log_documents_table', 1),
(38, '2020_12_14_055921_remove_some_column_table', 1),
(39, '2020_12_25_080334_add_some_column_table', 1),
(41, '2020_12_30_020308_create_categories_levels_table', 2),
(43, '2020_12_30_032446_create_users_categories_table', 3),
(44, '2021_01_19_062053_create_events_table', 4),
(45, '2021_01_25_044839_add_type_col_category_table', 5),
(46, '2021_01_25_054118_add_is_nested_col_category_table', 6),
(47, '2021_01_26_065445_add_time_order_col_category_tavle', 7),
(48, '2021_01_26_090002_add_type_events_table', 8),
(49, '2021_01_27_024349_add_user_events_table', 9);

-- --------------------------------------------------------

--
-- Table structure for table `password_resets`
--

DROP TABLE IF EXISTS `password_resets`;
CREATE TABLE IF NOT EXISTS `password_resets` (
  `id` bigint(20) UNSIGNED NOT NULL AUTO_INCREMENT,
  `email` varchar(255) NOT NULL,
  `token` varchar(255) NOT NULL,
  `created_at` timestamp NULL DEFAULT NULL,
  PRIMARY KEY (`id`)
) ENGINE=MyISAM DEFAULT CHARSET=utf8;

-- --------------------------------------------------------

--
-- Table structure for table `roles`
--

DROP TABLE IF EXISTS `roles`;
CREATE TABLE IF NOT EXISTS `roles` (
  `id` bigint(20) UNSIGNED NOT NULL AUTO_INCREMENT,
  `name` varchar(255) NOT NULL,
  `created_at` timestamp NULL DEFAULT NULL,
  `updated_at` timestamp NULL DEFAULT NULL,
  PRIMARY KEY (`id`)
) ENGINE=MyISAM AUTO_INCREMENT=4 DEFAULT CHARSET=utf8;

--
-- Dumping data for table `roles`
--

INSERT INTO `roles` (`id`, `name`, `created_at`, `updated_at`) VALUES
(1, 'admin', NULL, NULL),
(2, 'moderator', NULL, NULL),
(3, 'employee', NULL, NULL);

-- --------------------------------------------------------

--
-- Table structure for table `sub_categories`
--

DROP TABLE IF EXISTS `sub_categories`;
CREATE TABLE IF NOT EXISTS `sub_categories` (
  `id` bigint(20) UNSIGNED NOT NULL AUTO_INCREMENT,
  `name` varchar(255) NOT NULL,
  `created_at` timestamp NULL DEFAULT NULL,
  `updated_at` timestamp NULL DEFAULT NULL,
  `category_id` int(11) NOT NULL,
  PRIMARY KEY (`id`),
  KEY `sub_categories_category_id_foreign` (`category_id`)
) ENGINE=MyISAM AUTO_INCREMENT=10 DEFAULT CHARSET=utf8;

--
-- Dumping data for table `sub_categories`
--

INSERT INTO `sub_categories` (`id`, `name`, `created_at`, `updated_at`, `category_id`) VALUES
(1, 'Дүрэм журмууд', '2020-12-29 06:03:28', '2020-12-29 06:03:28', 2),
(2, 'Гарын авлага', '2020-12-29 06:03:54', '2020-12-29 06:03:54', 2),
(3, 'Заавар, зааварчилгаа', '2020-12-29 06:04:16', '2020-12-29 06:04:16', 2),
(4, 'Бүртгэл, баримтжуулсан мэдээлэл', '2020-12-29 06:04:39', '2020-12-29 06:04:39', 2),
(5, 'Дүрэм журмууд', '2020-12-29 06:05:08', '2020-12-29 06:05:08', 1),
(6, 'Гарын авлага', '2020-12-29 06:05:37', '2020-12-29 06:05:37', 1),
(7, 'test', '2021-01-25 19:37:07', '2021-01-25 19:37:07', 14),
(8, '8420УНА', '2021-01-25 23:13:42', '2021-01-25 23:13:42', 17),
(9, '4218УБИ', '2021-01-25 23:13:58', '2021-01-25 23:13:58', 17);

-- --------------------------------------------------------

--
-- Table structure for table `users`
--

DROP TABLE IF EXISTS `users`;
CREATE TABLE IF NOT EXISTS `users` (
  `id` bigint(20) UNSIGNED NOT NULL AUTO_INCREMENT,
  `name` varchar(255) NOT NULL,
  `password` varchar(255) NOT NULL,
  `remember_token` varchar(100) DEFAULT NULL,
  `created_at` timestamp NULL DEFAULT NULL,
  `updated_at` timestamp NULL DEFAULT NULL,
  `lastname` varchar(255) DEFAULT NULL,
  `phone_number` varchar(255) DEFAULT NULL,
  `department_id` int(11) DEFAULT NULL,
  `job_id` int(11) DEFAULT NULL,
  `level_id` int(11) DEFAULT NULL,
  `role_id` int(11) DEFAULT NULL,
  PRIMARY KEY (`id`),
  KEY `users_department_id_foreign` (`department_id`),
  KEY `users_job_id_foreign` (`job_id`),
  KEY `users_level_id_foreign` (`level_id`),
  KEY `users_role_id_foreign` (`role_id`)
) ENGINE=MyISAM AUTO_INCREMENT=27 DEFAULT CHARSET=utf8;

--
-- Dumping data for table `users`
--

INSERT INTO `users` (`id`, `name`, `password`, `remember_token`, `created_at`, `updated_at`, `lastname`, `phone_number`, `department_id`, `job_id`, `level_id`, `role_id`) VALUES
(25, 'moderator-1', '$2y$10$TuTr.0zVC3YCs9T1zb4b/emcq6OQClCx/gLVBnCj30AGzAlBbpZKq', NULL, '2021-01-25 22:19:20', '2021-01-25 22:19:20', 'moderator-1', '22114477', 3, 7, 3, 2),
(4, 'Мөнхгэрэл', '$2y$10$1DmmXwX7Bi6QBm8D769JRuIgQ4Mr2cOq1xYOJS2OXMGuMegHW9rXG', NULL, '2020-12-29 03:26:49', '2020-12-29 06:43:16', 'Чулуунболд', '94113970', 4, 13, 1, 1),
(26, 'hr', '$2y$10$dCGlfE48DMjeDHJWWThBj.2Pe5oBm1S1HLO.Tr/ZJSrZ6usLTeZcy', NULL, '2021-01-26 21:12:10', '2021-01-26 21:12:10', 'hr', '88552211', 1, 2, 1, 2),
(24, 'moderator', '$2y$10$D.OgZge3AzzlDazqVmo26OFl1t2HaQS8yx0ttiEF4fW23dmu5SyQy', NULL, '2021-01-25 22:16:38', '2021-01-25 22:16:38', 'moderator', '77441122', 2, 6, 13, 2),
(22, 'employee', '$2y$10$3PgvLW2mcqxMsy4mJ3/Y9eHAC0FU5dp8mz/Q7LCIH9x3bbiQWzttu', NULL, '2020-12-29 20:48:04', '2020-12-29 20:48:04', 'employee', '44332211', 1, 1, 1, 3);

-- --------------------------------------------------------

--
-- Table structure for table `users_categories`
--

DROP TABLE IF EXISTS `users_categories`;
CREATE TABLE IF NOT EXISTS `users_categories` (
  `id` bigint(20) UNSIGNED NOT NULL AUTO_INCREMENT,
  `category_id` int(11) NOT NULL,
  `user_id` int(11) NOT NULL,
  `created_at` timestamp NULL DEFAULT NULL,
  `updated_at` timestamp NULL DEFAULT NULL,
  PRIMARY KEY (`id`),
  KEY `users_categories_category_id_foreign` (`category_id`),
  KEY `users_categories_user_id_foreign` (`user_id`)
) ENGINE=MyISAM AUTO_INCREMENT=15 DEFAULT CHARSET=utf8;

--
-- Dumping data for table `users_categories`
--

INSERT INTO `users_categories` (`id`, `category_id`, `user_id`, `created_at`, `updated_at`) VALUES
(8, 1, 24, NULL, NULL),
(10, 2, 25, NULL, NULL),
(9, 14, 24, NULL, NULL),
(11, 13, 25, NULL, NULL),
(12, 14, 26, NULL, NULL),
(13, 13, 26, NULL, NULL),
(14, 15, 26, NULL, NULL);
COMMIT;

/*!40101 SET CHARACTER_SET_CLIENT=@OLD_CHARACTER_SET_CLIENT */;
/*!40101 SET CHARACTER_SET_RESULTS=@OLD_CHARACTER_SET_RESULTS */;
/*!40101 SET COLLATION_CONNECTION=@OLD_COLLATION_CONNECTION */;
